"Color","Category","Size","Currency","Value","Price","TotalQuantity","Quantity","Pending","Vintage","Wine","Locale","Producer","Varietal","BeginConsume","EndConsume","PScore","CScore"
"Red","Dry","750ml","USD","46.8833","48.99","4","4","0","2022","Achim D³rr Pinot Noir Tom","Germany, Baden","Achim D³rr","Pinot Noir","9999","9999","",""
"White","Sparkling","750ml","USD","71.604","82.97","2","2","0","1001","Agrapart Champagne Les 7 Crus Extra-Brut","France, Champagne","Agrapart","Champagne Blend","2024","2031","","91.2741935483871"
"Red","Dry","750ml","USD","80.25","95","1","1","0","2012","Altesino Brunello di Montalcino Montosoli","Italy, Tuscany, Montalcino, Brunello di Montalcino","Altesino","Sangiovese","2020","2032","","92.7971014492754"
"Red","Dry","750ml","USD","26.9217","24.5","1","1","0","2012","Amavi Cellars Cabernet Sauvignon","USA, Washington, Columbia Valley, Walla Walla Valley","Amavi Cellars","Cabernet Sauvignon","2014","2019","","89.7428571428571"
"White","Dry","750ml","USD","22.7606","28.97","1","1","0","2023","Weingut Andi Weigand Silvaner","Germany, Franken","Weingut Andi Weigand","Silvaner","2025","2027","","90.5"
"Red","Dry","750ml","USD","97.2438","119.99","2","2","0","2020","Andremily EABA","USA, California, Central Coast, Santa Barbara County","Andremily","Red Rhone Blend","2026","2040","","95.5128205128205"
"Red","Dry","750ml","USD","202.9421","119.99","1","1","0","2015","Antinori Tignanello","Italy, Tuscany, Toscana IGT","Antinori","SuperTuscan Blend","2022","2036","","93.0914826498423"
"Red","Dry","750ml","USD","175.163","95.99","1","1","0","2014","Antinori Tignanello","Italy, Tuscany, Toscana IGT","Antinori","SuperTuscan Blend","2020","2032","","92.3025641025641"
"White","Dry","750ml","USD","52.6606","19.97","1","1","0","2024","Apollo's Praise Riesling Noble Dry The Knoll Lahoma Vineyards","USA, New York, Finger Lakes, Seneca Lake","Apollo's Praise","Riesling","2027","2038","",""
"Red","Dry","1.5L","USD","75.7778","174.99","1","1","0","2006","AR.PE.PE. Valtellina Superiore - Grumello Rocca de Piro Riserva","Italy, Lombardia, Valtellina, Valtellina Superiore - Grumello","AR.PE.PE.","Nebbiolo","2015","2020","","91.5"
"Red","Dry","750ml","USD","52.6066","69.99","1","1","0","2019","AR.PE.PE. Valtellina Superiore - Inferno Fiamme Antiche","Italy, Lombardia, Valtellina, Valtellina Superiore - Inferno","AR.PE.PE.","Nebbiolo","2025","2034","","90.6"
"Red","Dry","750ml","USD","101.3567","129.99","1","1","0","2016","AR.PE.PE. Valtellina Superiore - Inferno Riserva Sesto Canto","Italy, Lombardia, Valtellina, Valtellina Superiore - Inferno","AR.PE.PE.","Nebbiolo","2026","2036","","92.6666666666667"
"Red","Dry","750ml","USD","105.06","139.99","2","2","0","2016","AR.PE.PE. Valtellina Superiore - Sassella Riserva Rocce Rosse","Italy, Lombardia, Valtellina, Valtellina Superiore - Sassella","AR.PE.PE.","Nebbiolo","2025","2036","","92"
"Red","Dry","750ml","USD","103.5354","134.99","1","1","0","2016","AR.PE.PE. Valtellina Superiore - Sassella Riserva Ultimi Raggi","Italy, Lombardia, Valtellina, Valtellina Superiore - Sassella","AR.PE.PE.","Nebbiolo","2026","2035","","91.5"
"Red","Dry","750ml","USD","73.5","59.99","1","1","0","2017","AR.PE.PE. Valtellina Superiore - Sassella Stella Retica","Italy, Lombardia, Valtellina, Valtellina Superiore - Sassella","AR.PE.PE.","Nebbiolo","2023","2031","","91.1428571428571"
"Rosķ","Dry","750ml","USD","24.7788","0","6","6","0","2023","Arnot-Roberts Rosķ","USA, California","Arnot-Roberts","Rosķ Blend","2024","2026","","89.6111111111111"
"Red","Dry","750ml","USD","90","90","1","1","0","2022","Ashes & Diamonds Mountain Cuvķe No. 4 Saffron Vineyard","USA, California, Napa Valley, Mt. Veeder","Ashes & Diamonds","Red Bordeaux Blend","2025","2031","",""
"Red","Dry","750ml","USD","48.66","47.99","4","4","0","2021","La Badina Lessona","Italy, Piedmont, Northern Piedmont, Lessona","La Badina","Nebbiolo Blend","2028","2043","",""
"White","Dry","750ml","USD","26","26","4","0","4","2024","Daniel & Julien Barraud MŌcon-Vergisson La Roche","France, Burgundy, MŌconnais, MŌcon-Vergisson","Daniel & Julien Barraud","Chardonnay","2026","2030","",""
"White","Dry","750ml","USD","31.6164","26","2","0","2","2023","Daniel & Julien Barraud MŌcon-Vergisson La Roche","France, Burgundy, MŌconnais, MŌcon-Vergisson","Daniel & Julien Barraud","Chardonnay","2025","2029","",""
"White","Dry","750ml","USD","30.6189","33","6","0","6","2024","Daniel & Julien Barraud Pouilly-Fuissķ Alliance Vieilles Vignes","France, Burgundy, MŌconnais, Pouilly-Fuissķ","Daniel & Julien Barraud","Chardonnay","2028","2032","",""
"White","Dry","750ml","USD","42.3868","45","3","0","3","2023","Daniel & Julien Barraud Pouilly-Fuissķ Premier Cru La Marķchaude Clos la VerchĶre","France, Burgundy, MŌconnais, Pouilly-Fuissķ Premier Cru","Daniel & Julien Barraud","Chardonnay","2027","2035","",""
"White","Dry","750ml","USD","48.3806","49","2","0","2","2023","Daniel & Julien Barraud Pouilly-Fuissķ Premier Cru Les Crays","France, Burgundy, MŌconnais, Pouilly-Fuissķ Premier Cru","Daniel & Julien Barraud","Chardonnay","2027","2033","","90"
"White","Dry","750ml","USD","30.6386","30","4","0","4","2022","Daniel & Julien Barraud Saint-Vķran En CrĶches","France, Burgundy, MŌconnais, Saint-Vķran","Daniel & Julien Barraud","Chardonnay","2025","2029","","87"
"White","Dry","750ml","USD","30.6395","33","4","0","4","2022","Daniel & Julien Barraud Saint-Vķran Les Pommards","France, Burgundy, MŌconnais, Saint-Vķran","Daniel & Julien Barraud","Chardonnay","2026","2030","","91"
"Red","Dry","750ml","USD","38.4757","54","1","1","0","2022","Domaine Bart Marsannay Es Chezots","France, Burgundy, C¶te de Nuits, Marsannay","Domaine Bart","Pinot Noir","2026","2035","","87.6666666666667"
"Red","Dry","750ml","USD","76","87","1","1","0","2017","Paolo Bea Rosso de Vķo","Italy, Umbria","Paolo Bea","Sagrantino","2025","2032","","92.25"
"Red","Dry","750ml","USD","69.9115","60","2","2","0","2018","Beau Vigne Cabernet Sauvignon Juliet","USA, California, Napa Valley","Beau Vigne","Cabernet Sauvignon","2024","2034","","91.2222222222222"
"Red","Dry","750ml","USD","35.4167","35","2","2","0","2018","Beau Vigne Cabernet Sauvignon Legacy","USA, California, Napa Valley","Beau Vigne","Cabernet Sauvignon","2023","2030","","90.6530612244898"
"White","Dry","750ml","USD","55.714","49.99","2","2","0","2021","Domaine Berlancourt Bourgogne Blanc Cuvķe la Demoiselle","France, Burgundy, Bourgogne Blanc","Domaine Berlancourt","Chardonnay","2025","2031","",""
"Red","Dry","750ml","USD","106.722","95","2","2","0","2021","Beta Cabernet Sauvignon Lupina","USA, California, Sonoma County, Moon Mountain District","Beta","Cabernet Sauvignon","2029","2049","","92"
"Red","Dry","750ml","USD","98.6956","95","4","4","0","2022","Beta Cabernet Sauvignon Maus","USA, California, Sonoma County, Moon Mountain District","Beta","Cabernet Sauvignon","2029","2044","","92.5"
"Red","Dry","750ml","USD","85.8","95","1","1","0","2021","Beta Cabernet Sauvignon Maus","USA, California, Sonoma County, Moon Mountain District","Beta","Cabernet Sauvignon","2028","2043","","94.6"
"Red","Dry","750ml","USD","100.8333","95","2","2","0","2022","Beta Cabernet Sauvignon Montecillo Vineyard","USA, California, Sonoma County, Moon Mountain District","Beta","Cabernet Sauvignon","2031","2045","",""
"Red","Dry","750ml","USD","96.25","149.95","2","2","0","2019","Beta Cabernet Sauvignon Vare Vineyard","USA, California, Napa Valley, Oak Knoll District","Beta","Cabernet Sauvignon","2028","2040","","91.1428571428571"
"Red","Dry","750ml","USD","99.2667","85","5","5","0","2015","Beta Cabernet Sauvignon Vare Vineyard","USA, California, Napa Valley, Oak Knoll District","Beta","Cabernet Sauvignon","2023","2036","","92.5"
"Red","Dry","750ml","USD","154.1667","189","1","1","0","2016","Bevan Cellars Cabernet Sauvignon Saunders Vineyard","USA, California, Napa Valley, Oakville","Bevan Cellars","Cabernet Sauvignon","2019","2036","","95"
"Red","Dry","750ml","USD","56.25","49","1","1","0","2017","Christophe Billon C¶te-R¶tie Les Elotins","France, Rh¶ne, Northern Rh¶ne, C¶te-R¶tie","Christophe Billon","Syrah","2024","2035","","88.2857142857143"
"White","Dry","750ml","USD","150.0147","170","1","1","0","2011","Domaine Marc-Antonin Blain BŌtard-Montrachet","France, Burgundy, C¶te de Beaune, BŌtard-Montrachet Grand Cru","Domaine Marc-Antonin Blain","Chardonnay","2019","2027","","91.3333333333333"
"Red","Dry","750ml","USD","133.4444","139.99","2","2","0","2014","Blankiet Estate Proprietary Red Wine Paradise Hills Vineyard","USA, California, Napa Valley","Blankiet Estate","Red Bordeaux Blend","2018","2035","","92.8421052631579"
"Red","Dry","750ml","USD","348.1002","0","1","1","0","2010","BOND Quella","USA, California, Napa Valley","BOND","Red Bordeaux Blend","2017","2038","","94.1176470588235"
"Red","Dry","750ml","USD","78.7611","99","4","4","0","2021","Olek Bondonio Barbaresco Roncagliette","Italy, Piedmont, Langhe, Barbaresco","Olek Bondonio","Nebbiolo","2028","2037","","94"
"Red","Dry","750ml","USD","49.6377","55","6","6","0","2018","Olek Bondonio Barbaresco Roncagliette","Italy, Piedmont, Langhe, Barbaresco","Olek Bondonio","Nebbiolo","2025","2034","","92.1111111111111"
"Red","Dry","750ml","USD","79.5426","99.99","2","2","0","2022","Olek Bondonio Barbaresco Starderi","Italy, Piedmont, Langhe, Barbaresco","Olek Bondonio","Nebbiolo","2028","2037","","94"
"Red","Dry","750ml","USD","171.6599","197.99","1","1","0","2012","Giacomo Borgogno & Figli Barolo Riserva Cannubi","Italy, Piedmont, Langhe, Barolo","Giacomo Borgogno & Figli","Nebbiolo","2024","2049","",""
"White","Dry","750ml","USD","30.5","50","1","1","0","2012","Bouchard PĶre et Fils Beaune 1er Cru Clos St. Landry Blanc","France, Burgundy, C¶te de Beaune, Beaune 1er Cru","Bouchard PĶre et Fils","Chardonnay","2015","2030","","90.5555555555556"
"White","Dry","750ml","USD","18.675","49","1","1","0","2009","Bouchard PĶre et Fils Beaune 1er Cru Clos St. Landry Blanc","France, Burgundy, C¶te de Beaune, Beaune 1er Cru","Bouchard PĶre et Fils","Chardonnay","2014","2020","","88.1333333333333"
"Red","Dry","750ml","USD","20.69","26.99","1","1","0","2021","Daniel Bouland Morgon Prķ Jourdan","France, Burgundy, Beaujolais, Morgon","Daniel Bouland","Gamay","2030","2075","","91"
"Red","Dry","750ml","USD","56.9451","0","12","12","0","2023","Mickaļl Bourg Cornas Les P'tits Bouts","France, Rh¶ne, Northern Rh¶ne, Cornas","Mickaļl Bourg","Syrah","2029","2038","",""
"White","Dry","750ml","USD","84.2875","73","1","1","0","2012","Albert Boxler Riesling Brand","France, Alsace, Alsace Grand Cru","Albert Boxler","Riesling","2018","2024","","91.6363636363636"
"White","Dry","750ml","USD","44.115","0","2","2","0","2023","Maison Pierre Brisset Bourgogne Blanc Cuvķe Cassaneas","France, Burgundy, Bourgogne Blanc","Maison Pierre Brisset","Chardonnay","2025","2032","","91"
"Red","Dry","750ml","USD","43.527","0","1","1","0","2022","Maison Pierre Brisset Bourgogne Cuvķe Gabrius","France, Burgundy, Bourgogne","Maison Pierre Brisset","Pinot Noir","2026","2034","","89.25"
"Red","Dry","750ml","USD","175.2317","179.99","3","3","0","2023","Maison Pierre Brisset Chambolle-Musigny 1er Cru Les Noirots","France, Burgundy, C¶te de Nuits, Chambolle-Musigny 1er Cru","Maison Pierre Brisset","Pinot Noir","2029","2046","",""
"White","Dry","750ml","USD","122.4926","0","2","2","0","2023","Maison Pierre Brisset Chassagne-Montrachet 1er Cru Abbaye de Morgeot","France, Burgundy, C¶te de Beaune, Chassagne-Montrachet 1er Cru","Maison Pierre Brisset","Chardonnay","2027","2039","","96"
"Red","Dry","750ml","USD","95.392","94.99","2","2","0","2023","Maison Pierre Brisset Nuits-Saint-Georges 1er Cru Aux Thorey","France, Burgundy, C¶te de Nuits, Nuits-Saint-Georges 1er Cru","Maison Pierre Brisset","Pinot Noir","2028","2043","",""
"Red","Dry","750ml","USD","98.2833","110.99","3","3","0","2021","Maison Pierre Brisset Pommard 1er Cru","France, Burgundy, C¶te de Beaune, Pommard 1er Cru","Maison Pierre Brisset","Pinot Noir","2024","2045","","89"
"Red","Dry","750ml","USD","174.6976","174.99","3","3","0","2023","Maison Pierre Brisset Vosne-Romanķe 1er Cru Les Rouges du Dessus","France, Burgundy, C¶te de Nuits, Vosne-Romanķe 1er Cru","Maison Pierre Brisset","Pinot Noir","2029","2046","","96"
"Red","Dry","750ml","USD","74.6875","143.99","1","1","0","2008","Comm. G.B. Burlotto Barolo","Italy, Piedmont, Langhe, Barolo","Comm. G.B. Burlotto","Nebbiolo","2022","2050","","90.3636363636364"
"Red","Dry","750ml","USD","25.99","25.99","1","1","0","2022","Cabeńas do Reguengo Alentejo Seiva","Portugal, Alentejano, Alentejo","Cabeńas do Reguengo","Red Blend","2027","2034","",""
"Red","Dry","750ml","USD","25.9779","29.99","2","2","0","2022","Cabeńas do Reguengo Respiro Clarete","Portugal, Alentejano, Alentejo, Portalegre","Cabeńas do Reguengo","Red Blend","2024","2040","",""
"Red","Dry","750ml","USD","25.387","22.97","2","2","0","2012","Candialle Ciclope Toscana IGT","Italy, Tuscany, Toscana IGT","Candialle","SuperTuscan Blend","2019","2025","","90.25"
"Red","Dry","750ml","USD","21","27","3","3","0","2013","Carlisle Syrah Sonoma County","USA, California, Sonoma County","Carlisle","Syrah","2015","2021","","91.1850220264317"
"White","Dry","750ml","USD","48.4285","56","3","3","0","2022","Casa Dumetz Chardonnay LaBarge Vineyard","USA, California, Central Coast, Sta. Rita Hills","Casa Dumetz","Chardonnay","2023","2027","","87"
"Red","Dry","750ml","USD","44.1335","48","1","1","0","2020","Casa Dumetz Pinot Noir Hapgood","USA, California, Central Coast, Sta. Rita Hills","Casa Dumetz","Pinot Noir","2023","2031","","92"
"Red","Dry","750ml","USD","139.5","129.99","2","2","0","2015","Bodega Catena Zapata Malbec Argentino","Argentina, Mendoza","Bodega Catena Zapata","Malbec","2018","2026","","92.48"
"Red","Dry","750ml","USD","84.0265","134.99","1","1","0","2016","Bodega Catena Zapata Malbec Fortuna Terrae Adrianna Vineyard","Argentina, Mendoza, Valle de Uco, Gualtallary","Bodega Catena Zapata","Malbec","2020","2030","","91.2307692307692"
"Red","Dry","750ml","USD","112.75","98","1","1","0","2017","Ceritas Cabernet Sauvignon Peter Martin Ray Vineyard","USA, California, Santa Cruz Mountains","Ceritas","Cabernet Sauvignon","2024","2035","","93.1538461538462"
"Red","Dry","750ml","USD","50.0719","215","2","2","0","2013","Ceritas Cabernet Sauvignon Peter Martin Ray Vineyard","USA, California, Santa Cruz Mountains","Ceritas","Cabernet Sauvignon","2018","2028","","88.5384615384615"
"White","Dry","750ml","USD","52.2124","59","2","2","0","2019","Ceritas Chardonnay Peter Martin Ray","USA, California, Santa Cruz Mountains","Ceritas","Chardonnay","2023","2030","","91.4444444444444"
"White","Dry","750ml","USD","101.03","70","1","1","0","2018","Ceritas Chardonnay Peter Martin Ray","USA, California, Santa Cruz Mountains","Ceritas","Chardonnay","2021","2033","","91.1904761904762"
"White","Dry","750ml","USD","53","63","1","1","0","2013","Ceritas Chardonnay Peter Martin Ray","USA, California, Santa Cruz Mountains","Ceritas","Chardonnay","2016","2022","","91.425"
"White","Dry","750ml","USD","66.3717","150","1","1","0","2013","Ceritas Chardonnay Porter-Bass Vineyard","USA, California, Sonoma County, Sonoma Coast","Ceritas","Chardonnay","2018","2023","","92.3283582089552"
"White","Dry","750ml","USD","66.3717","200","1","1","0","2009","Ceritas Chardonnay Porter-Bass Vineyard","USA, California, Sonoma County, Russian River Valley","Ceritas","Chardonnay","2014","2022","","92.2142857142857"
"White","Dry","750ml","USD","60.2514","70","3","3","0","2021","Ceritas Chardonnay Trout Gulch","USA, California, Santa Cruz Mountains","Ceritas","Chardonnay","2024","2033","","93.5555555555556"
"White","Dry","750ml","USD","63.8088","59","2","2","0","2019","Ceritas Chardonnay Trout Gulch","USA, California, Santa Cruz Mountains","Ceritas","Chardonnay","2022","2031","","91.2941176470588"
"Red","Dry","750ml","USD","67.375","85","1","1","0","2021","Ceritas Pinot Noir Cuvķe Annabelle","USA, California, Sonoma County, West Sonoma Coast","Ceritas","Pinot Noir","2025","2035","","92.5714285714286"
"Red","Dry","750ml","USD","39.5833","62","1","1","0","2018","Ceritas Pinot Noir Elliott Vineyard","USA, California, Sonoma County, Sonoma Coast","Ceritas","Pinot Noir","2022","2031","","90.7692307692308"
"Red","Dry","750ml","USD","127.4336","125","3","3","0","2021","Ceritas Pinot Noir Occidental Vineyard","USA, California, Sonoma County, West Sonoma Coast","Ceritas","Pinot Noir","2025","2037","","94"
"Red","Dry","750ml","USD","69.9115","70","2","2","0","2018","Ceritas Pinot Noir Rivina Vineyard","USA, California, Sonoma County, Sonoma Coast","Ceritas","Pinot Noir","2021","2032","","92.875"
"Red","Dry","750ml","USD","60","70","2","2","0","2018","Ceritas Pinot Noir Senna","USA, California, Sonoma County, Sonoma Coast","Ceritas","Pinot Noir","2022","2027","","93.4090909090909"
"Red","Dry","750ml","USD","21.7038","25.99","4","4","0","2023","Cesare Bussolo Dolcetto d'Alba San Bartolomeo","Italy, Piedmont, Alba, Dolcetto d'Alba","Cesare Bussolo","Dolcetto","2025","2028","","90.25"
"White","Dry","750ml","USD","50.36","71.99","1","1","0","2022","Domaine ChanterĻves Bourgogne Hautes-C¶tes de Beaune Mainbey","France, Burgundy, Bourgogne Hautes-C¶tes de Beaune","Domaine ChanterĻves","Chardonnay","2028","2035","","90.4285714285714"
"Red","Dry","750ml","USD","36.8255","30","1","1","0","2022","Domaine Chapel Fleurie CharbonniĶres","France, Burgundy, Beaujolais, Fleurie","Domaine Chapel","Gamay","2025","2031","","87"
"White","Sparkling","750ml","USD","64.6018","71.97","1","1","0","1001","Chartogne-Taillet Champagne Cuvķe Sainte Anne","France, Champagne","Chartogne-Taillet","Champagne Blend","2021","2040","","90.1075268817204"
"Rosķ","Dry","750ml","USD","30.9292","18","2","2","0","2019","ChĻne Bleu Rosķ","France, Rh¶ne, Southern Rh¶ne, Vaucluse","ChĻne Bleu","Red Rhone Blend","2020","2024","","90.2857142857143"
"Rosķ","Dry","750ml","USD","29.4991","20","3","3","0","2018","ChĻne Bleu Rosķ","France, Rh¶ne, Southern Rh¶ne, Vaucluse","ChĻne Bleu","Red Rhone Blend","2019","2022","","89.6666666666667"
"White","Dry","750ml","USD","81.1667","0","1","1","0","2023","A. Christmann Konigsbacher Idig Riesling Gro▀es Gewõchs","Germany, Pfalz","A. Christmann","Riesling","2030","2052","","92.5"
"Red","Dry","750ml","USD","36.66","36.99","3","3","0","2013","Azienda Agricola Cianfagna Aglianico Militum Christi Riserva","Italy, Molise","Azienda Agricola Cianfagna","Aglianico","2020","2040","",""
"Red","Dry","750ml","USD","56.0767","56.99","2","2","0","2020","Domaine Bruno Clair Marsannay Les Vaudenelles","France, Burgundy, C¶te de Nuits, Marsannay","Domaine Bruno Clair","Pinot Noir","2025","2030","","91.1428571428571"
"White","Dry","750ml","USD","37.8812","42","4","4","0","2022","Clementine Carter Grenache Blanc","USA, California, Central Coast, Santa Barbara County","Clementine Carter","Grenache Blanc","2023","2027","","92"
"Red","Dry","750ml","USD","89.4197","129","5","5","0","2005","ChŌteau Clerc Milon","France, Bordeaux, Mķdoc, Pauillac","ChŌteau Clerc Milon","Red Bordeaux Blend","2016","2029","","92.0058309037901"
"Red","Dry","750ml","USD","23.0733","26.99","4","4","0","2020","Clos de Gamot Cahors","France, Southwest France, Cahors","Clos de Gamot","Malbec","2026","2035","","90.3333333333333"
"Red","Dry","750ml","USD","44.5987","33.97","1","1","0","2022","Clos du Rouge Gorge C¶tes Catalanes Cuvķe du Patron","France, Languedoc Roussillon, Roussillon, C¶tes Catalanes","Clos du Rouge Gorge","Grenache","2024","2029","","89"
"Red","Dry","750ml","USD","137","219","1","1","0","2003","Vi±a Cobos Malbec Marchiori Vineyard","Argentina, Mendoza, Lujan de Cuyo","Vi±a Cobos","Malbec","2010","2017","",""
"Red","Dry","750ml","USD","154","125","1","1","0","2006","Vi±a Cobos Nico","Argentina, Mendoza","Vi±a Cobos","Malbec Blend","2013","2023","","93.5686274509804"
"Red","Dry","750ml","USD","26.5044","40","1","1","0","2019","Elvio Cogno Barbera d'Alba Bricco dei Merli","Italy, Piedmont, Alba, Barbera d'Alba","Elvio Cogno","Barbera","2023","2028","","90"
"Red","Dry","750ml","USD","28.4981","25","1","1","0","2020","Elvio Cogno Langhe Nebbiolo Montegrilli","Italy, Piedmont, Langhe, Langhe DOC","Elvio Cogno","Nebbiolo","2021","2026","","91.6190476190476"
"Red","Dry","750ml","USD","22.5658","25","1","1","0","2016","Elvio Cogno Langhe Nebbiolo Montegrilli","Italy, Piedmont, Langhe, Langhe DOC","Elvio Cogno","Nebbiolo","2018","2024","","90.6666666666667"
"Red","Dry","750ml","USD","114.1593","44.99","1","1","0","2002","The Colonial Estate Shiraz Exile","Australia, South Australia, Barossa, Barossa Valley","The Colonial Estate","Shiraz","2007","2021","","92.1851851851852"
"Red","Dry","750ml","USD","121.2684","184.99","1","1","0","1997","ChŌteau Cos d'Estournel","France, Bordeaux, Mķdoc, Saint-EstĶphe","ChŌteau Cos d'Estournel","Red Bordeaux Blend","2005","2013","","90.4957983193277"
"Red","Dry","750ml","USD","50.0223","31.99","2","2","0","2018","Gķrard Courbis Saint-Joseph Vieilles Vignes","France, Rh¶ne, Northern Rh¶ne, Saint-Joseph","Gķrard Courbis","Syrah","2025","2033","","88"
"White","Dry","750ml","USD","39.0423","42","2","2","0","2022","Croix & Courbet C¶tes du Jura Savadonnay","France, Jura, C¶tes du Jura","Croix & Courbet","White Blend","2025","2030","","89"
"Red","Dry","750ml","USD","69.37","99.99","1","1","0","2022","Domaine des Croix Beaune 1er Cru Cent-Vignes","France, Burgundy, C¶te de Beaune, Beaune 1er Cru","Domaine des Croix","Pinot Noir","2027","2035","","91.4"
"Red","Dry","750ml","USD","279.1904","265","1","1","0","2009","Romano Dal Forno Amarone della Valpolicella Vigneto di Monte Lodoletta","Italy, Veneto, Valpolicella, Amarone della Valpolicella","Romano Dal Forno","Corvina Blend","2019","2035","","94.3793103448276"
"Red","Dry","750ml","USD","50.39","50.39","1","1","0","2020","Dalzocchio Pinot Nero Vigneti delle Dolomiti IGT","Italy, Trentino Alto-Adige / Veneto, Vigneti delle Dolomiti IGT","Dalzocchio","Pinot Nero","2025","2031","","88"
"Red","Dry","750ml","USD","135.6556","325","1","1","0","2016","Dana Estates Cabernet Sauvignon Onda","USA, California, Napa Valley","Dana Estates","Cabernet Sauvignon","2021","2035","","92.4117647058823"
"Orange","Dry","750ml","USD","45.3107","50.97","1","1","0","2020","Dario Princic Bianco Trebez","Italy, Friuli-Venezia Giulia, Venezia Giulia IGT","Dario Princic","White Blend","2024","2030","","88"
"Red","Dry","750ml","USD","25.9316","0","5","5","0","2022","de Nķgoce Cabernet Franc Lot N░ 514","USA, California, Napa Valley, Spring Mountain District","de Nķgoce","Cabernet Franc","2027","2036","","91"
"Red","Dry","750ml","USD","24.807","23.25","9","9","0","2022","de Nķgoce Cabernet Sauvignon Lot N░ 553","USA, California, Napa Valley","de Nķgoce","Cabernet Sauvignon","2026","2034","","92.5"
"Red","Dry","750ml","USD","13.5452","11","3","3","0","2018","de Nķgoce Cabernet Sauvignon OG N.102","USA, Washington, Columbia Valley, Walla Walla Valley","de Nķgoce","Cabernet Sauvignon","2024","2031","","89.3478260869565"
"Red","Dry","750ml","USD","15.5195","0","5","5","0","2022","de Nķgoce Cabernet Sauvignon OG N.447","USA, California, North Coast, Red Hills Lake County","de Nķgoce","Cabernet Sauvignon","2026","2036","","89.8"
"Red","Dry","750ml","USD","21.4556","19","2","2","0","2019","de Nķgoce Pinot Noir OG N.176","USA, California, Sonoma County, Russian River Valley","de Nķgoce","Pinot Noir","2022","2027","","89.4074074074074"
"Red","Dry","750ml","USD","62.2396","75.99","1","1","0","2019","Cascina delle Rose Barbaresco Tre Stelle","Italy, Piedmont, Langhe, Barbaresco","Cascina delle Rose","Nebbiolo","2025","2034","","93"
"White","Dry","750ml","USD","18.6208","20.97","6","6","0","2022","Diletta Tonello Durello IoCloe","Italy, Veneto, Veneto IGT","Diletta Tonello","Durello","2024","2030","",""
"Red","Dry","750ml","USD","30.9735","40","2","2","0","2003","Domaine Diochon Moulin-Ó-Vent Vieilles Vignes","France, Burgundy, Beaujolais, Moulin-Ó-Vent","Domaine Diochon","Gamay","2007","2013","92","85"
"Red","Dry","750ml","USD","119.36","129.1667","1","1","0","2000","Joseph Drouhin Corton-Bressandes","France, Burgundy, C¶te de Beaune, Corton Grand Cru","Joseph Drouhin","Pinot Noir","2010","2025","",""
"White","Dry","750ml","USD","43.8649","45.59","2","2","0","2019","Le Due Terre Friuli Colli Orientali Sacrisassi Bianco","Italy, Friuli-Venezia Giulia, Friuli Colli Orientali","Le Due Terre","White Blend","2022","2026","","92"
"Red","Dry","750ml","USD","108.5913","41.59","2","2","0","2020","Le Due Terre Friuli Colli Orientali Sacrisassi Rosso","Italy, Friuli-Venezia Giulia, Friuli Colli Orientali","Le Due Terre","Red Blend","2025","2030","",""
"Red","Dry","750ml","USD","74.0197","54.39","3","3","0","2020","Le Due Terre Friuli Colli Orientali Schioppettino","Italy, Friuli-Venezia Giulia, Friuli Colli Orientali","Le Due Terre","Schioppettino","2026","2031","","94"
"White","Dry","750ml","USD","49.2209","40","2","2","0","2020","Enderle & Moll Weissburgunder SphĶre","Germany, Baden","Enderle & Moll","Weissburgunder","2025","2039","",""
"Red","Dry","750ml","USD","25.9187","54","1","1","0","2021","EnvĒnate La Santa de Ursula","Spain, Canary Islands","EnvĒnate","Red Blend","2028","2065","","90.0526315789474"
"White","Dry","750ml","USD","20.7232","19.79","1","1","0","2017","Esteban Celemin Vino de Mesa Esteban CelemĒn","Spain, Castilla y Le¾n, Vino de Mesa","Esteban Celemin","Albillo","9999","9999","","90"
"White","Sparkling","750ml","USD","53.5035","62.3033","2","2","0","1001","╔tienne Calsac Champagne Blanc de Blancs L'ķchappķe Belle","France, Champagne","╔tienne Calsac","Chardonnay","2025","2045","","90.3785714285714"
"Red","Dry","750ml","USD","18.6347","18","2","2","0","2017","Alessandro e Gian Natale Fantino Langhe Rosso dei Dardi","Italy, Piedmont, Langhe, Langhe DOC","Alessandro e Gian Natale Fantino","Nebbiolo Blend","2020","2025","","89.1578947368421"
"Red","Dry","750ml","USD","49.5","56.6667","1","1","0","2006","Favia Syrah Quarzo","USA, California, Sierra Foothills, Amador County","Favia","Syrah","2009","2015","","92.3"
"White","Dry","750ml","USD","75.9567","80","1","1","0","2006","Domaine William FĶvre Chablis Grand Cru Bougros C¶te Bouguerots","France, Burgundy, Chablis, Chablis Grand Cru","Domaine William FĶvre","Chardonnay","2008","2020","","91.8169014084507"
"Red","Dry","750ml","USD","50","48","1","1","0","2018","Jean Foillard Morgon Eponym'","France, Burgundy, Beaujolais, Morgon","Jean Foillard","Gamay","2023","2029","","91.1730769230769"
"Red","Dry","750ml","USD","26.8493","0","4","4","0","2022","La Fornace Rosso di Montalcino","Italy, Tuscany, Montalcino, Rosso di Montalcino","La Fornace","Sangiovese","2025","2032","",""
"White","Dry","750ml","USD","52.6347","45.97","3","3","0","2023","Frank Cornelissen MunJebel Bianco","Italy, Sicily, Terre Siciliane","Frank Cornelissen","White Blend","2025","2030","","91"
"Red","Dry","750ml","USD","45.576","36.99","1","1","0","2021","Frenchtown Farms Cotillion","USA, California, Sierra Foothills","Frenchtown Farms","Red Rhone Blend","2023","2028","",""
"Red","Dry","750ml","USD","64","64","2","2","0","1001","Frenchtown Farms Perigee","USA, California, Sierra Foothills, North Yuba","Frenchtown Farms","Syrah Blend","9999","9999","",""
"Red","Dry","750ml","USD","29.22","0","1","1","0","2023","Anne et Jean-Franńois Ganevat Cuvķe Madelon Nature","France, Vin de France","Anne et Jean-Franńois Ganevat","Red Blend","2025","2029","","89.2"
"Red","Dry","750ml","USD","58.4887","54.99","3","3","0","2021","Domaine Florent Garaudet Pommard Vieilles Vignes","France, Burgundy, C¶te de Beaune, Pommard","Domaine Florent Garaudet","Pinot Noir","2025","2031","",""
"Red","Dry","750ml","USD","62.5","165","1","1","0","2017","Gargiulo Vineyards Cabernet Sauvignon G Major Seven Study","USA, California, Napa Valley, Oakville","Gargiulo Vineyards","Cabernet Sauvignon","2022","2031","","94.7142857142857"
"Red","Dry","750ml","USD","29.1667","75","1","1","0","2017","Gargiulo Vineyards Merlot Money Road Ranch","USA, California, Napa Valley, Oakville","Gargiulo Vineyards","Merlot","2021","2027","","91.2727272727273"
"Red","Dry","750ml","USD","29.1667","75","1","1","0","2016","Gargiulo Vineyards Merlot Money Road Ranch","USA, California, Napa Valley, Oakville","Gargiulo Vineyards","Merlot","2020","2026","","92.6153846153846"
"Red","Dry","750ml","USD","41.59","59","3","3","0","2020","Domaine Garon C¶te-R¶tie Les Triotes","France, Rh¶ne, Northern Rh¶ne, C¶te-R¶tie","Domaine Garon","Syrah","2025","2033","","92.4285714285714"
"Red","Dry","750ml","USD","25.4833","39","2","0","2","2021","Guilhem et Jean-Hugues Goisot Bourgogne C¶tes d'Auxerre La Ronce Rouge","France, Burgundy, C¶tes d'Auxerre, Bourgogne C¶tes d'Auxerre","Guilhem et Jean-Hugues Goisot","Pinot Noir","2025","2031","","91"
"White","Dry","750ml","USD","26.21","39","6","0","6","2019","Guilhem et Jean-Hugues Goisot Bourgogne C¶tes d'Auxerre Le Court Vit","France, Burgundy, C¶tes d'Auxerre, Bourgogne C¶tes d'Auxerre","Guilhem et Jean-Hugues Goisot","Chardonnay","2023","2027","","92"
"Red","Dry","750ml","USD","38.45","39","6","0","6","2020","Guilhem et Jean-Hugues Goisot Irancy La Voie de Cravant","France, Burgundy, C¶tes d'Auxerre, Irancy","Guilhem et Jean-Hugues Goisot","Pinot Noir","9999","9999","",""
"Red","Dry","750ml","USD","21.76","39","2","0","2","2022","Guilhem et Jean-Hugues Goisot Irancy Les Mazelots","France, Burgundy, C¶tes d'Auxerre, Irancy","Guilhem et Jean-Hugues Goisot","Pinot Noir","2026","2033","",""
"White","Dry","750ml","USD","24.2337","20","9","0","9","2022","Guilhem et Jean-Hugues Goisot Saint-Bris Exogyra Virgula","France, Burgundy, C¶tes d'Auxerre, Saint-Bris","Guilhem et Jean-Hugues Goisot","Sauvignon","2024","2027","","88.3333333333333"
"White","Dry","750ml","USD","22.7443","20","6","0","6","2022","Guilhem et Jean-Hugues Goisot Saint-Bris Moury","France, Burgundy, C¶tes d'Auxerre, Saint-Bris","Guilhem et Jean-Hugues Goisot","Sauvignon","2024","2029","",""
"Red","Dry","750ml","USD","32.86","49.99","2","2","0","2019","ChŌteau Grand Corbin-Despagne","France, Bordeaux, Libournais, Saint-╔milion Grand Cru","ChŌteau Grand Corbin-Despagne","Red Bordeaux Blend","2026","2038","","92.6111111111111"
"Red","Dry","750ml","USD","35","0","1","1","0","2018","Grant Marie Grenache-Syrah Ramey Mountain Vineyard","USA, California, Sierra Foothills, North Yuba","Grant Marie","Grenache Blend","2023","2026","93",""
"Red","Dry","750ml","USD","28","28","3","3","0","2016","Grant Marie Winery Cabernet Sauvignon","USA, California","Grant Marie Winery","Cabernet Sauvignon","2024","2027","96",""
"Red","Dry","750ml","USD","123.8287","140","6","6","0","2005","ChŌteau Gruaud Larose","France, Bordeaux, Mķdoc, Saint-Julien","ChŌteau Gruaud Larose","Red Bordeaux Blend","2017","2031","","91.8116438356164"
"Red","Dry","750ml","USD","55.9922","109.99","1","1","0","2011","Guastaferro Taurasi Primum","Italy, Campania, Taurasi DOCG","Guastaferro","Aglianico","2024","2060","","93"
"White","Sweet/Dessert","375ml","USD","26.3623","38","3","3","0","2009","ChŌteau Guiraud","France, Bordeaux, Sauternais, Sauternes","ChŌteau Guiraud","Sķmillon-Sauvignon Blanc Blend","2016","2040","","92.869387755102"
"Red","Dry","750ml","USD","58.6949","59.95","5","5","0","2022","Gustinella Jungimmune Etna Rosso","Italy, Sicily, Etna DOC","Gustinella Jungimmune","Red Blend","2025","2031","95","93"
"White","Dry","750ml","USD","74.5528","74.99","1","1","0","2019","Gut Hermannsberg Niederhõuser Hermannsberg Riesling Gro▀es Gewõchs - Reserve","Germany, Nahe","Gut Hermannsberg","Riesling","9999","9999","","95"
"White","Dry","750ml","USD","55.27","53.995","2","2","0","2023","Julian Haart Riesling Rote Erden","Germany, Rheinhessen","Julian Haart","Riesling","2026","2038","","90.4444444444444"
"White","Dry","750ml","USD","33.29","33.29","1","1","0","2015","Harm Riesling Ried Kellerberg","Austria, Nieder÷sterreich, Wachau","Harm","Riesling","2016","2020","",""
"White","Dry","750ml","USD","18.515","24.97","2","2","0","2022","Domaine Henry Pellķ Menetou-Salon Morogues","France, Loire Valley, Upper Loire, Menetou-Salon","Domaine Henry Pellķ","Sauvignon Blanc","2023","2033","","89.5"
"White","Dry","750ml","USD","78.5","99.9983","3","3","0","1997","Franz Hirtzberger Riesling Smaragd Singerriedel","Austria, Nieder÷sterreich, Wachau","Franz Hirtzberger","Riesling","2004","2015","","92.6666666666667"
"Red","Dry","750ml","USD","64.7292","225","1","1","0","1999","Paul Hobbs Cabernet Sauvignon Hyde Vineyard","USA, California, Napa / Sonoma, Carneros","Paul Hobbs","Cabernet Sauvignon","2004","2016","","94.125"
"White","Dry","750ml","USD","22.75","19","1","1","0","2021","Hugo Mendes FernŃo Pires","Portugal, Lisboa, Vinho Regional Lisboa","Hugo Mendes","FernŃo Pires","9999","9999","",""
"Red","Dry","750ml","USD","386.2996","400","1","1","0","2001","Hundred Acre Vineyard Cabernet Sauvignon Kayli Morgan","USA, California, Napa Valley","Hundred Acre Vineyard","Cabernet Sauvignon","2007","2021","","94.2948717948718"
"White","Dry","750ml","USD","60.177","49.5","2","2","0","2023","I Vigneri di Salvo Foti Carricante Etna Vigna di Milo Caselle","Italy, Sicily, Etna DOC","I Vigneri di Salvo Foti","Carricante","2029","2036","","91"
"Red","Dry","750ml","USD","59.655","55","3","3","0","2016","Patrick Jasmin C¶te-R¶tie La Giroflarie","France, Rh¶ne, Northern Rh¶ne, C¶te-R¶tie","Patrick Jasmin","Syrah","2030","2075","95","91.1904761904762"
"Red","Dry","750ml","USD","147.995","137.99","3","3","0","2022","Patrick Jasmin C¶te-R¶tie Olķa","France, Rh¶ne, Northern Rh¶ne, C¶te-R¶tie","Patrick Jasmin","Syrah","2032","2049","",""
"Red","Dry","750ml","USD","200.0833","195","2","2","0","2022","Jasud Estate Cabernet Sauvignon","USA, California, Napa Valley, Diamond Mountain","Jasud Estate","Cabernet Sauvignon","2028","2040","","96.2666666666667"
"Rosķ","Dry","750ml","USD","14.0475","14","1","1","0","2023","Jenny & Francois La Patience","France, Vin de France","Jenny & Francois","Rosķ Blend","2024","2025","","91"
"White","Dry","750ml","USD","27.584","50","1","1","0","2022","Jonas Dostert Pure Dolomite","Germany, Mosel Saar Ruwer","Jonas Dostert","Chardonnay Blend","2024","2029","","91"
"White","Dry","750ml","USD","28.9517","20","16","16","0","2017","Juliane Eller Fr³hmesse Riesling Juwel","Germany, Rheinhessen","Juliane Eller","Riesling","2020","2030","94","92.5"
"White","Dry","750ml","USD","27.906","25.97","1","1","0","2022","Jan Matthias Klein Little Bastard","Germany, Mosel Saar Ruwer","Jan Matthias Klein","White Blend","2024","2028","",""
"White","Dry","750ml","USD","34.3725","54","2","2","0","2020","Kmetija Hedele Malvazija","Slovenia, Primorska, Vipava Valley, Vipavske dolina","Kmetija Hedele","Malvasia","9999","9999","",""
"White","Dry","750ml","USD","24.338","20.69","1","1","0","2017","Weingut Knebel Riesling","Germany, Mosel Saar Ruwer","Weingut Knebel","Riesling","2019","2023","","87"
"White","Dry","750ml","USD","34.1025","58","2","2","0","2022","Weingut Knewitz Chardonnay trocken","Germany, Rheinhessen","Weingut Knewitz","Chardonnay","2024","2029","","90.3"
"White","Dry","750ml","USD","35.2615","48","1","1","0","2021","Lady of the Sunshine Chardonnay ChĻne Vineyards","USA, California, Central Coast, Edna Valley","Lady of the Sunshine","Chardonnay","2024","2029","","92.3333333333333"
"Red","Dry","750ml","USD","25.7467","0","12","12","0","2023","Marcel Lapierre Morgon","France, Burgundy, Beaujolais, Morgon","Marcel Lapierre","Gamay","2025","2030","","90.3255813953488"
"Red","Dry","750ml","USD","38.5","42","2","2","0","2020","Marcel Lapierre Morgon","France, Burgundy, Beaujolais, Morgon","Marcel Lapierre","Gamay","2023","2029","","90.7361111111111"
"Red","Dry","750ml","USD","63.745","54.99","2","2","0","2012","Paul Lato Pinot Noir Alegria Hilliard Bruce Vineyard","USA, California, Central Coast, Sta. Rita Hills","Paul Lato","Pinot Noir","2016","2024","","92"
"Red","Dry","750ml","USD","49","59.99","1","1","0","2012","Paul Lato Pinot Noir Suerte Solomon Hills Vineyard","USA, California, Central Coast, Santa Maria Valley","Paul Lato","Pinot Noir","2014","2020","","91.7179487179487"
"White","Dry","750ml","USD","29.1667","36","1","1","0","2020","Peter Lauer Kupp Kabinett N░ 8","Germany, Mosel Saar Ruwer","Peter Lauer","Riesling","2023","2043","","91.7058823529412"
"Red","Dry","750ml","USD","175.2968","200","1","1","0","1998","ChŌteau Lķoville Las Cases","France, Bordeaux, Mķdoc, Saint-Julien","ChŌteau Lķoville Las Cases","Red Bordeaux Blend","2010","2026","","92.6486486486486"
"Rosķ","Dry","750ml","USD","16.8053","12","1","1","0","2021","ChŌteau Les Mesclances C¶tes de Provence Cuvķe Romane Rosķ","France, Provence, C¶tes de Provence","ChŌteau Les Mesclances","Rosķ Blend","2022","2024","","88"
"Red","Dry","750ml","USD","47.6667","71.99","2","2","0","2022","Bruno Lorenzon Mercurey Le Chapitre","France, Burgundy, C¶te Chalonnaise, Mercurey","Bruno Lorenzon","Pinot Noir","2026","2037","","89.6666666666667"
"White","Dry","750ml","USD","42.3333","89.99","1","1","0","2022","Bruno Lorenzon Montagny 1er Cru Le Mont Laurent Blanc","France, Burgundy, C¶te Chalonnaise, Montagny","Bruno Lorenzon","Chardonnay","2026","2033","","92"
"Red","Dry","750ml","USD","40","99.99","3","3","0","2016","Louis Sozet Cornas","France, Rh¶ne, Northern Rh¶ne, Cornas","Louis Sozet","Syrah","2025","2038","","90.5"
"Red","Dry","750ml","USD","617.9476","400","1","1","0","2014","MacDonald Cabernet Sauvignon","USA, California, Napa Valley, Oakville","MacDonald","Cabernet Sauvignon","2022","2040","","96.3448275862069"
"Red","Dry","750ml","USD","52.2124","66.6667","2","2","0","2013","ChŌteau de la Maltroye Chassagne-Montrachet 1er Cru Clos St. Jean Rouge","France, Burgundy, C¶te de Beaune, Chassagne-Montrachet 1er Cru","ChŌteau de la Maltroye","Pinot Noir","2019","2027","",""
"White","Dry","750ml","USD","118.0556","161.99","1","1","0","2004","Marcassin Chardonnay Zio Tony Ranch","USA, California, Sonoma County, Russian River Valley","Marcassin","Chardonnay","2005","2013","","93.2857142857143"
"Red","Dry","750ml","USD","21.3075","21","1","1","0","2021","Mßrcio Lopes Douro Proibido Clarete","Portugal, Douro","Mßrcio Lopes","Marufo","9999","9999","","88"
"White","Dry","750ml","USD","38.1048","43","1","1","0","2021","Milan Nestarec Umami","Czech Republic, Moravia","Milan Nestarec","White Blend","2025","2028","","92.6666666666667"
"Red","Dry","750ml","USD","69.6753","71.99","3","3","0","2023","M÷hr-Niggli Pinot Noir Graf","Switzerland, Eastern Switzerland, Basel-Landschaft","M÷hr-Niggli","Pinot Noir","2027","2039","",""
"Red","Dry","750ml","USD","56.65","40","2","2","0","2015","Bodegas Muga Rioja Selecci¾n Especial","Spain, La Rioja, La Rioja Alta, Rioja","Bodegas Muga","Tempranillo Blend","2022","2030","","91.3475177304964"
"Red","Dry","750ml","USD","148.1212","135","4","4","0","2018","Jacques-Frķdķric Mugnier Nuits-Saint-Georges 1er Cru Clos de la Marķchale","France, Burgundy, C¶te de Nuits, Nuits-Saint-Georges 1er Cru","Jacques-Frķdķric Mugnier","Pinot Noir","2033","2065","","91.4137931034483"
"Red","Dry","750ml","USD","21.4011","25.97","3","3","0","2018","Muxagat Vinhos Douro Tinto","Portugal, Douro","Muxagat Vinhos","Red Blend","2023","2027","",""
"White","Dry","750ml","USD","23.777","26.97","2","2","0","2023","Nicolas Delfaud MŌcon-Verzķ","France, Burgundy, MŌconnais, MŌcon-Verzķ","Nicolas Delfaud","Chardonnay","9999","9999","","90"
"Red","Dry","750ml","USD","16.6815","17.97","2","2","0","2020","Nittnaus Blauer Zweigelt","Austria, Burgenland","Nittnaus","Blauer Zweigelt","2022","2026","","87.5"
"Red","Dry","750ml","USD","25.5556","45","1","1","0","2020","Arianna Occhipinti Il Frappato","Italy, Sicily, Terre Siciliane","Arianna Occhipinti","Frappato","2023","2028","","90.3958333333333"
"Orange","Dry","750ml","USD","33.7593","37.97","2","2","0","2024","Arianna Occhipinti Sicilia SP68 Bianco","Italy, Sicily, Sicilia","Arianna Occhipinti","White Blend","2025","2029","","89.8333333333333"
"Red","Dry","750ml","USD","13.0909","32","2","2","0","2021","Arianna Occhipinti SP68 Rosso","Italy, Sicily, Terre Siciliane","Arianna Occhipinti","Red Blend","2022","2026","","89.3666666666667"
"Red","Dry","750ml","USD","161.99","161.99","1","1","0","2021","Domaine Odoul-Coquard Vosne-Romanķe Vieilles Vignes","France, Burgundy, C¶te de Nuits, Vosne-Romanķe","Domaine Odoul-Coquard","Pinot Noir","2024","2036","",""
"Red","Dry","750ml","USD","43.995","43.99","5","5","0","2017","Richard ųstreicher Sommeracher Katzenkopf R Cuvķe","Germany, Franken","Richard ųstreicher","Red Bordeaux Blend","2025","2029","",""
"Red","Dry","750ml","USD","11.8336","0","3","3","0","2020","Our Wines Pinot Noir","USA, Oregon","Our Wines","Pinot Noir","2025","2033","","90"
"Red","Dry","750ml","USD","11.962","0","1","1","0","2019","Our Wines Pinot Noir","USA, Oregon","Our Wines","Pinot Noir","2028","2065","","90.1904761904762"
"Red","Dry","750ml","USD","11.932","0","3","3","0","2018","Our Wines Pinot Noir","USA, Oregon","Our Wines","Pinot Noir","2031","2065","","90.8947368421053"
"Red","Dry","750ml","USD","11.6704","0","1","1","0","2017","Our Wines Pinot Noir","USA, Oregon","Our Wines","Pinot Noir","2030","2065","","90.1578947368421"
"Red","Dry","1.5L","USD","129.5","109","1","1","0","2020","Cķdric Parpette C¶te-R¶tie Le Montmain","France, Rh¶ne, Northern Rh¶ne, C¶te-R¶tie","Cķdric Parpette","Syrah","2026","2036","",""
"Red","Dry","750ml","USD","82.9379","98.99","1","1","0","2012","Domaine du Pķgau ChŌteauneuf-du-Pape Cuvķe Rķservķe","France, Rh¶ne, Southern Rh¶ne, ChŌteauneuf-du-Pape","Domaine du Pķgau","Red Rhone Blend","2018","2029","","92.7241379310345"
"Rosķ","Dry","750ml","USD","24.7345","25","1","1","0","2019","ChŌteau de Peyrassol C¶tes de Provence Rosķ","France, Provence, C¶tes de Provence","ChŌteau de Peyrassol","Rosķ Blend","2020","2021","","89.6"
"White","Dry","750ml","USD","51.89","0","1","1","0","2023","Phelan Farm (Rajat Parr) Palomino Fino Scythians","USA, California, South Coast, Cucamonga Valley","Phelan Farm (Rajat Parr)","Palomino Fino","2025","2029","","91"
"Red","Dry","750ml","USD","86.2818","84.99","3","3","0","2023","Domaine Philippe Naddef Gevrey-Chambertin Vieilles Vignes","France, Burgundy, C¶te de Nuits, Gevrey-Chambertin","Domaine Philippe Naddef","Pinot Noir","2030","2036","",""
"Red","Dry","750ml","USD","288.8622","275.995","1","1","0","1996","ChŌteau Pichon Longueville Comtesse de Lalande","France, Bordeaux, Mķdoc, Pauillac","ChŌteau Pichon Longueville Comtesse de Lalande","Red Bordeaux Blend","2032","2095","","94.1291666666667"
"White","Dry","750ml","USD","25.8672","27.89","1","1","0","2018","Pierre-Olivier Bonhomme L'Ormeau des Deux Croix","France, Vin de France","Pierre-Olivier Bonhomme","Chenin Blanc","2021","2027","","94.75"
"Red","Dry","750ml","USD","36","0","4","4","0","2023","Domaine des Pierres Seches Saint-Joseph","France, Rh¶ne, Northern Rh¶ne, Saint-Joseph","Domaine des Pierres Seches","Syrah","2027","2034","",""
"White","Dry","750ml","USD","17.4723","18.97","5","5","0","2024","ChŌteau de Pinet Gaujal de Saint Bon Picpoul de Pinet Cuvķe des Dames","France, Languedoc Roussillon, Languedoc, Picpoul de Pinet","ChŌteau de Pinet Gaujal de Saint Bon","Picpoul Blanc","2025","2027","","86.75"
"Red","Fortified","750ml","USD","0","0","1","1","0","2011","Pońas Colheita Just For Friends","Portugal, Douro, Porto","Pońas","Port Blend","9999","9999","",""
"Red","Dry","750ml","USD","35","99","1","1","0","1983","Pierre Ponnelle Nuits-Saint-Georges 1er Cru Clos des Corvķes","France, Burgundy, C¶te de Nuits, Nuits-Saint-Georges 1er Cru","Pierre Ponnelle","Pinot Noir","1989","2033","","87"
"White","Dry","750ml","USD","19.99","19.99","1","1","0","2022","Portugal Boutique Winery Loureiro Gorro","Portugal, Minho, Vinho Verde","Portugal Boutique Winery","Loureiro","9999","9999","","90"
"Red","Dry","750ml","USD","32.0208","42.99","6","6","0","2020","ChŌteau Prieurķ-Lichine","France, Bordeaux, Mķdoc, Margaux","ChŌteau Prieurķ-Lichine","Red Bordeaux Blend","2027","2040","","91.5"
"Orange","Dry","1.0L","USD","33.7584","0","1","1","0","2008","Radikon Ribolla Gialla","Italy, Friuli-Venezia Giulia, Venezia Giulia IGT","Radikon","Ribolla Gialla","2016","2025","","92.2727272727273"
"Red","Dry","750ml","USD","40.6633","39.99","5","5","0","2022","Remy Nodin Cornas Les Eygats","France, Rh¶ne, Northern Rh¶ne, Cornas","Remy Nodin","Syrah","2026","2038","",""
"Red","Dry","750ml","USD","32.8994","30","1","1","0","2000","Renaissance Cabernet Sauvignon","USA, California, Sierra Foothills, North Yuba","Renaissance","Cabernet Sauvignon","2011","2018","","87.8181818181818"
"Red","Dry","750ml","USD","28","35","1","1","0","2001","Renaissance Cabernet Sauvignon Reserve","USA, California, Sierra Foothills, North Yuba","Renaissance","Cabernet Sauvignon","2012","2022","","91.6136363636364"
"Red","Dry","750ml","USD","34.2","30","1","1","0","2006","Renaissance Cabernet Sauvignon Vin de Terroir","USA, California, Sierra Foothills, North Yuba","Renaissance","Cabernet Sauvignon","2019","2029","","94"
"Red","Dry","750ml","USD","44.625","32.5","1","1","0","2004","Renaissance Claret Prestige","USA, California, Sierra Foothills, North Yuba","Renaissance","Red Blend","2019","2028","",""
"Red","Dry","750ml","USD","48.6527","32.5","1","1","0","2002","Renaissance Claret Prestige","USA, California, Sierra Foothills, North Yuba","Renaissance","Red Blend","2017","2026","","90"
"Red","Dry","750ml","USD","35","30","1","1","0","2000","Renaissance Claret Prestige","USA, California, Sierra Foothills, North Yuba","Renaissance","Red Blend","2015","2024","","91.3846153846154"
"Red","Dry","750ml","USD","75.4745","24","2","2","0","2021","Ridge Three Valleys","USA, California, Sonoma County","Ridge","Zinfandel Blend","2024","2029","","89.2769230769231"
"Red","Dry","750ml","USD","55.9013","59.97","3","3","0","2020","Roagna Langhe Rosso","Italy, Piedmont, Langhe, Langhe DOC","Roagna","Nebbiolo","2027","2033","","91.6666666666667"
"Red","Dry","750ml","USD","47.2774","59.99","2","2","0","2012","Flavio Roddolo Barbera d'Alba Superiore Bricco Appiani","Italy, Piedmont, Alba, Barbera d'Alba Superiore","Flavio Roddolo","Barbera","2021","2026","","91.5"
"Red","Dry","750ml","USD","106.3983","149.99","1","1","0","2013","Flavio Roddolo Barolo Ravera","Italy, Piedmont, Langhe, Barolo","Flavio Roddolo","Nebbiolo","2023","2035","","94"
"Red","Dry","750ml","USD","57.1675","81","7","7","0","2010","Flavio Roddolo Langhe Cabernet Sauvignon Bricco Appiani","Italy, Piedmont, Langhe, Langhe DOC","Flavio Roddolo","Cabernet Sauvignon","2020","2027","","90.6666666666667"
"White","Dry","750ml","USD","60.0841","59.99","2","2","0","1999","Ronchi di Cialla Friuli Colli Orientali Cialla Bianco","Italy, Friuli-Venezia Giulia, Friuli Colli Orientali","Ronchi di Cialla","White Blend","2011","2020","","91.8888888888889"
"Red","Dry","750ml","USD","33.1113","29.97","5","5","0","2021","Ronchi di Cialla Friuli Colli Orientali CiallaRosso","Italy, Friuli-Venezia Giulia, Friuli Colli Orientali","Ronchi di Cialla","Red Blend","2028","2036","","88"
"Red","Dry","750ml","USD","31.0173","49.99","3","3","0","2015","Ronchi di Cialla Friuli Colli Orientali Pignolo","Italy, Friuli-Venezia Giulia, Friuli Colli Orientali","Ronchi di Cialla","Pignolo","2020","2026","","94.6666666666667"
"Red","Dry","750ml","USD","51.9627","49.99","3","3","0","2015","Ronchi di Cialla Friuli Colli Orientali Refosco dal Peduncolo Rosso di Cialla","Italy, Friuli-Venezia Giulia, Friuli Colli Orientali","Ronchi di Cialla","Refosco dal Peduncolo Rosso","2024","2050","",""
"Red","Dry","750ml","USD","71.756","99.99","2","2","0","1998","Ronchi di Cialla Friuli Colli Orientali Refosco dal Peduncolo Rosso di Cialla","Italy, Friuli-Venezia Giulia, Friuli Colli Orientali","Ronchi di Cialla","Refosco dal Peduncolo Rosso","2006","2019","","93.3333333333333"
"White","Dry","750ml","USD","45.3515","51","1","1","0","2019","ChŌteau des Rontets Pouilly-Fuissķ Pierrefolle","France, Burgundy, MŌconnais, Pouilly-Fuissķ","ChŌteau des Rontets","Chardonnay","2023","2028","",""
"White","Dry","750ml","USD","34.3698","32","1","1","0","2019","Domaine Rougeot Bourgogne Blanc Clos des Six Ouvrķes","France, Burgundy, Bourgogne Blanc","Domaine Rougeot","Chardonnay","2022","2024","","91"
"Red","Dry","750ml","USD","578.9165","719","1","1","0","2017","Domaine Armand Rousseau PĶre et Fils Clos de la Roche","France, Burgundy, C¶te de Nuits, Clos de la Roche Grand Cru","Domaine Armand Rousseau PĶre et Fils","Pinot Noir","2027","2075","","93.4545454545455"
"Red","Dry","750ml","USD","27.6589","30.99","4","4","0","2021","Domaine Rousset Crozes-Hermitage Les PicaudiĶres","France, Rh¶ne, Northern Rh¶ne, Crozes-Hermitage","Domaine Rousset","Syrah","2027","2034","",""
"Red","Dry","750ml","USD","31.6882","33.99","1","1","0","2019","Domaine Rousset Crozes-Hermitage Les PicaudiĶres","France, Rh¶ne, Northern Rh¶ne, Crozes-Hermitage","Domaine Rousset","Syrah","2026","2031","","90"
"Red","Dry","750ml","USD","32.6667","39.99","1","1","0","2015","Domaine Rousset Crozes-Hermitage Les PicaudiĶres","France, Rh¶ne, Northern Rh¶ne, Crozes-Hermitage","Domaine Rousset","Syrah","2021","2028","","88.7"
"Red","Dry","750ml","USD","350.3431","279","2","2","0","2015","Tenuta San Guido Sassicaia","Italy, Tuscany, Bolgheri, Bolgheri Sassicaia","Tenuta San Guido","Red Bordeaux Blend","2022","2042","","94.4462365591398"
"Red","Dry","750ml","USD","87.6106","99.995","3","3","0","1999","San Leonardo San Leonardo","Italy, Trentino-Alto Adige, Trentino, Vallagarina IGT","San Leonardo","Red Bordeaux Blend","2008","2019","","91.1538461538462"
"Red","Dry","750ml","USD","37.3079","0","2","2","0","2021","Sandar & Hem Cabernet Sauvignon Bates Ranch Santa Cruz Mountains","USA, California, Santa Cruz Mountains","Sandar & Hem","Cabernet Sauvignon","2030","2049","",""
"Red","Dry","750ml","USD","42.3211","0","2","2","0","2020","Sandar & Hem Cabernet Sauvignon Bates Ranch Santa Cruz Mountains","USA, California, Santa Cruz Mountains","Sandar & Hem","Cabernet Sauvignon","2029","2048","",""
"Red","Dry","750ml","USD","45","0","2","2","0","2019","Sandar & Hem Cabernet Sauvignon Bates Ranch Santa Cruz Mountains","USA, California, Santa Cruz Mountains","Sandar & Hem","Cabernet Sauvignon","2028","2047","","89.5"
"Red","Dry","750ml","USD","94.214","66.33","1","1","0","2017","Santa Cruz Mountain Vineyard Cabernet Sauvignon Bates Ranch","USA, California, Santa Cruz Mountains","Santa Cruz Mountain Vineyard","Cabernet Sauvignon","2035","2043","","94"
"Red","Dry","750ml","USD","47.0844","60","2","2","0","2018","Santa Cruz Mountain Vineyard Cabernet Sauvignon Luchessi Vineyard","USA, California, Santa Cruz Mountains","Santa Cruz Mountain Vineyard","Cabernet Sauvignon","2025","2033","","91.8333333333333"
"Red","Dry","750ml","USD","45.8184","60","2","2","0","2017","Santa Cruz Mountain Vineyard Cabernet Sauvignon Luchessi Vineyard","USA, California, Santa Cruz Mountains","Santa Cruz Mountain Vineyard","Cabernet Sauvignon","2024","2032","","89.8"
"Red","Dry","750ml","USD","70.3333","0","1","1","0","2017","Santa Cruz Mountain Vineyard Cabernet Sauvignon Reserve Luchessi Vineyard","USA, California, Santa Cruz Mountains","Santa Cruz Mountain Vineyard","Cabernet Sauvignon","9999","9999","",""
"Red","Dry","750ml","USD","94.4233","0","1","1","0","2017","Santa Cruz Mountain Vineyard Cabernet Sauvignon Staiger Vineyard","USA, California, Santa Cruz Mountains","Santa Cruz Mountain Vineyard","Cabernet Sauvignon","9999","9999","","95"
"Red","Dry","1.0L","USD","23.68","21.97","1","1","0","2020","Domaine Santamaria La Boutanche","France, Corsica, Vin de France","Domaine Santamaria","Grenache Blend","9999","9999","","91"
"White","Dry","750ml","USD","29.99","29.99","1","1","0","2023","Marco Sara Friuli Colli Orientali Malvasia","Italy, Friuli-Venezia Giulia, Friuli Colli Orientali","Marco Sara","Malvasia","9999","9999","",""
"White","Dry","750ml","USD","24.99","24.99","1","1","0","2024","Marco Sara Ribolla Gialla","Italy, Friuli-Venezia Giulia, Friuli Colli Orientali","Marco Sara","Ribolla Gialla","2025","2028","",""
"White","Dry","750ml","USD","14.3333","16.2727","2","2","0","2023","Scopa Pinot Grigio Delle Venezie","Italy, Delle Venezie","Scopa","Pinot Grigio","9999","9999","",""
"Red","Dry","750ml","USD","364.6577","389","1","1","0","2007","Shafer Cabernet Sauvignon Hillside Select","USA, California, Napa Valley, Stags Leap District","Shafer","Cabernet Sauvignon","2016","2037","","96.2085106382979"
"White","Dry","750ml","USD","23.2364","30","1","1","0","2011","Pierre Sparr Riesling Schoenenbourg","France, Alsace, Alsace Grand Cru","Pierre Sparr","Riesling","2016","2023","","91"
"Red","Dry","750ml","USD","45.8999","45.99","2","2","0","2023","Weingut Sprecher von Bernegg Pinot Noir Lindenwingert","Switzerland, Eastern Switzerland, Graub³nden, Jenins","Weingut Sprecher von Bernegg","Pinot Noir","2026","2035","","91"
"White","Dry","750ml","USD","33.0527","45","2","2","0","2022","La Staffa Verdicchio dei Castelli di Jesi Classico Riserva Rincrocca","Italy, Marche, Verdicchio dei Castelli di Jesi Classico","La Staffa","Verdicchio","2026","2031","","89.5"
"White","Dry","750ml","USD","28.89","27.97","1","1","0","2022","Leo Steen Chenin Blanc The Steen Jurassic Vineyard","USA, California, Central Coast, Santa Ynez Valley","Leo Steen","Chenin Blanc","2025","2029","","90"
"Red","Dry","750ml","USD","53.0671","49.98","3","3","0","2022","Stein Cabernet Sauvignon vom Berg","Germany, Mosel Saar Ruwer","Stein","Cabernet Sauvignon","2028","2035","","91"
"White","Dry","750ml","USD","32.2171","37.97","1","1","0","2023","Stein Palmberg Riesling Kabinett trocken","Germany, Mosel Saar Ruwer","Stein","Riesling","2026","2033","","94"
"White","Dry","750ml","USD","33.1397","52.97","1","1","0","2023","Stein Palmberg Riesling Spõtlese trocken","Germany, Mosel Saar Ruwer","Stein","Riesling","9999","9999","",""
"White","Dry","750ml","USD","22.7421","20.7","1","1","0","2022","Stein Riesling Feinherb ""Weihwasser""","Germany, Mosel Saar Ruwer","Stein","Riesling","2024","2027","","89.6666666666667"
"Rosķ","Dry","750ml","USD","24.0678","22.97","2","2","0","2024","Stein Rosķ trocken","Germany, Mosel Saar Ruwer","Stein","Rosķ Blend","2025","2028","","91"
"White","Dry","750ml","USD","44.5975","42.99","2","2","0","2024","Weingut G³nther Steinmetz Detzemer Maximiner Klosterlay Riesling","Germany, Mosel Saar Ruwer","Weingut G³nther Steinmetz","Riesling","9999","9999","",""
"White","Dry","750ml","USD","53.1077","54.99","2","2","0","2024","Weingut G³nther Steinmetz Dhroner Hofberg Riesling Reserve","Germany, Mosel Saar Ruwer","Weingut G³nther Steinmetz","Riesling","2027","2046","",""
"White","Sparkling","750ml","USD","70.7504","82.97","1","1","0","2022","Stķphane Regnault Champagne Grand Cru Chromatique","France, Champagne, Champagne Grand Cru","Stķphane Regnault","Champagne Blend","9999","9999","",""
"Red","Dry","750ml","USD","104.6","290","2","2","0","2016","Stewart Cabernet Sauvignon Nomad Beckstoffer Missouri Hopper","USA, California, Napa Valley, Oakville","Stewart","Cabernet Sauvignon","2020","2037","","92.2"
"White","Dry","750ml","USD","20.2425","22.97","1","1","0","2022","Stirm Calcite","USA, California, Central Coast, Cienega Valley","Stirm","White Blend","2023","2027","","88"
"Red","Dry","750ml","USD","50.6036","49.99","2","2","0","2022","Sven Enderle Pinot Noir vom Keuper","Germany, Baden","Sven Enderle","Pinot Noir","2025","2030","","91.3333333333333"
"Red","Dry","750ml","USD","30.8833","27.99","1","1","0","2022","Swick Wines Cabernet Sauvignon","USA, Oregon, Columbia Valley","Swick Wines","Cabernet Sauvignon","9999","9999","","89"
"Red","Dry","750ml","USD","39.9565","50","1","1","0","2014","Domaine de la Terre Rouge Syrah High Slopes","USA, California, Sierra Foothills","Domaine de la Terre Rouge","Syrah","2021","2025","","90.5"
"Red","Dry","750ml","USD","31.9181","32.97","2","2","0","2023","Domaine Philippe Tessier Cheverny Le Point du Jour","France, Loire Valley, Touraine, Cheverny","Domaine Philippe Tessier","Pinot Blend","2025","2029","","91"
"Red","Dry","750ml","USD","20.98","26.97","2","2","0","2023","Domaine Philippe Tessier Cheverny Rouge","France, Loire Valley, Touraine, Cheverny","Domaine Philippe Tessier","Red Blend","2025","2028","","90"
"White","Dry","750ml","USD","40.8675","32.97","3","3","0","2023","Domaine Philippe Tessier Cour-Cheverny","France, Loire Valley, Touraine, Cour-Cheverny","Domaine Philippe Tessier","Romorantin","2026","2028","","92"
"White","Dry","750ml","USD","37.716","0","2","2","0","2023","Weingut Th÷rle Chardonnay Reserve trocken","Germany, Rheinhessen","Weingut Th÷rle","Chardonnay","2025","2033","","88.125"
"Red","Dry","750ml","USD","90.3608","79.99","1","1","0","2022","Weingut Th÷rle H÷lle Spõtburgunder","Germany, Rheinhessen","Weingut Th÷rle","Spõtburgunder","2026","2039","","89"
"Red","Dry","750ml","USD","23.99","22.99","5","5","0","2022","Weingut Th÷rle Saulheimer H÷lle Spõtburgunder Vom Kalkmergel","Germany, Rheinhessen","Weingut Th÷rle","Spõtburgunder","9999","9999","",""
"Red","Dry","750ml","USD","31.3553","29.99","4","4","0","2022","Weingut Th÷rle Saulheimer Spõtburgunder Kalkstein","Germany, Rheinhessen","Weingut Th÷rle","Spõtburgunder","2025","2033","","88.5"
"Red","Dry","750ml","USD","67.9144","79","3","3","0","2020","Domaine du Tunnel (Stķphane Robert) Cornas Vin Noir","France, Rh¶ne, Northern Rh¶ne, Cornas","Domaine du Tunnel (Stķphane Robert)","Syrah","2027","2041","","91.5"
"Red","Dry","750ml","USD","36.0874","25","2","2","0","2018","Vale da Capucha Torres Vedras Fossil Tinto","Portugal, Lisboa, Torres Vedras","Vale da Capucha","Red Blend","2024","2041","","86"
"Red","Dry","750ml","USD","32.0941","44.99","1","1","0","2016","Antonio Vallana e Figlio Boca","Italy, Piedmont, Northern Piedmont, Boca","Antonio Vallana e Figlio","Nebbiolo Blend","2025","2055","","91"
"Red","Dry","750ml","USD","49","39.99","1","1","0","2010","Antonio Vallana e Figlio Spanna Cuvee Bernardo Vallana","Italy, Piedmont, Northern Piedmont, Colline Novaresi","Antonio Vallana e Figlio","Nebbiolo","2020","2031","","89.6"
"Red","Dry","750ml","USD","34.7519","29.99","3","3","0","2013","Vigneti Valle Roncati Fara Riserva Ciada","Italy, Piedmont, Northern Piedmont, Fara","Vigneti Valle Roncati","Nebbiolo Blend","2021","2026","","88.5"
"Red","Dry","750ml","USD","40.3647","0","2","2","0","2023","Vincent Pinot Noir Armstrong Vineyard","USA, Oregon, Willamette Valley, Ribbon Ridge","Vincent","Pinot Noir","2028","2036","",""
"Red","Dry","750ml","USD","42.1742","0","2","2","0","2023","Vincent Pinot Noir Cortell-Rose Vineyard Eola - Amity Hills","USA, Oregon, Willamette Valley, Eola - Amity Hills","Vincent","Pinot Noir","2027","2037","","92"
"Red","Dry","750ml","USD","40.6143","0","2","2","0","2023","Vincent Pinot Noir Zenith Vineyard","USA, Oregon, Willamette Valley, Eola - Amity Hills","Vincent","Pinot Noir","2027","2036","",""
"Red","Dry","750ml","USD","0","0","1","1","0","2019","Vini Belluzzo Refosco dal Peduncolo Rosso Orgoglio","Italy, Friuli-Venezia Giulia, Friuli Colli Orientali","Vini Belluzzo","Refosco dal Peduncolo Rosso","9999","9999","",""
"White","Dry","750ml","USD","36.8838","39.99","1","1","0","2023","Dr. Wehrheim Birkweiler Rosenberg Chardonnay Erste Lage","Germany, Pfalz","Dr. Wehrheim","Chardonnay","2026","2036","96","95"
"White","Dry","750ml","USD","36.0081","39.99","1","1","0","2021","Dr. Wehrheim Birkweiler Rosenberg Chardonnay Erste Lage","Germany, Pfalz","Dr. Wehrheim","Chardonnay","2024","2034","",""
"Red","Dry","1.5L","USD","38.2228","0","1","1","0","2023","Will Arnold C¶tes du Rh¶ne Avant Midi","France, Rh¶ne, Southern Rh¶ne, C¶tes du Rh¶ne","Will Arnold","Red Rhone Blend","9999","9999","",""
"Red","Dry","750ml","USD","62.5","81","1","1","0","2009","Williams Selyem Pinot Noir Olivet Lane Vineyard","USA, California, Sonoma County, Russian River Valley","Williams Selyem","Pinot Noir","2014","2020","","91"
"Red","Dry","750ml","USD","30","63","1","1","0","2009","Williams Selyem Zinfandel North Flats Forchini Vineyard","USA, California, Sonoma County, Russian River Valley","Williams Selyem","Zinfandel","2013","2017","","91.8148148148148"
"Red","Dry","750ml","USD","57.5221","63","1","1","0","2009","Williams Selyem Zinfandel Papera Vineyard","USA, California, Sonoma County, Russian River Valley","Williams Selyem","Zinfandel","2013","2019","","91.5918367346939"
"Red","Dry","750ml","USD","96.1004","107.99","1","1","0","2022","Yann Durieux La Gouzotte","France, Vin de France","Yann Durieux","Pinot Noir","2026","2033","",""
"White","Dry","750ml","USD","53.5128","67.49","1","1","0","2022","Yann Durieux Love and Pif","France, Vin de France","Yann Durieux","Aligotķ","2026","2030","",""
"White","Dry","750ml","USD","76.112","0","2","2","0","2022","Ziereisen Nõgelin Chardonnay Jaspis","Germany, Baden","Ziereisen","Chardonnay","2027","2038","","94.8333333333333"
