producer	wine	vintage	country	region	subregion	price
A. Christmann	Idig Riesling GG	2023	Germany	Pfalz	Pfalz	$89.99
Achim Duerr	Pinot Noir 'Tom'	2022	Germany	Baden		$53.99
Achim Durr	Wolfhag Pinot Noir	2020	Germany	Baden		$37.99
Achim Durr	Wolfhag Pinot Noir	2020	Germany	Germany		$37.99
Achim Durr	Blaufankish (Lemberger) "Vom Keuper"	2020	Germany	Wurttemberg		$48.99
Achim-Durr	Pinot Noir Von Keuper	2020	Germany	Baden		$47.99
Achim-Durr	Pinot Noir "Tom"	2022	Germany	Baden		$44.99
Adank	Alte Reben Flasch Pinot Noir	2024	Switzerland	Graubunden		$71.99
Alain Burguet	Gevrey Chambertin VV Mes Favorites	2016	France	Burgundy	Gevrey-Chambertin	$59.99
Alain Burguet	Gevrey Chambertin VV Mes Favorites	2017	France	Burgundy	Gevrey-Chambertin	$57.99
Andre Francois	Cote Rotie Gerine	2021	France	Rhône		$44.99
Andre Francois	Cote Rotie Gerine	2021	France	Rhône		$43.99
Andre Francois	Condrieu La Maladiere	2020	France	Rhône	Condrieu	$41.99
Andre Francois	Quinet IGP	2021	France	Rhône	Collines Rhodaniennes	$21.99
Andre Francois	Quinet IGP	2021	France	Rhône	Collines Rhodaniennes	$19.99
Andreas Laible	Stollenberg Riesling Grosses Gewachs	2023	Germany	Baden		$43.99
Andreas Laible	Schuerebe Trocken	2023	Germany	Baden		$32.99
Andreas Laible	Muskateller Trocken	2023	Germany	Baden		$30.99
Ar.Pe.Pe	Rocce Rosse Riserva Valtellina Superiore	2016	Italy	Lombardy		$104.00
Ar.Pe.Pe	Valtellina Superiore Grumello "Rocco Del Piro"	2019	Italy	Lombardy		$56.99
Arpepe	Sassella Rocce Rosse Valtellina Superiore DOCG Riserva	2016	Italy	Italy		$95.99
Arpepe	Valtellina Superiore Inferno Fiamme Antiche	2017	Italy	Italy		$43.99
Arpepe	Sasella Valtellina Superiore Stella Retica	2017	Italy	Italy		$42.99
Arpepe	Sassella Rocce Rosse Valtellina Superiore DOCG Riserva	2016	Italy	Lombardy		$99.99
Arpepe	Sassella Nuova Regina Valtellina Superiore Riserva	2016	Italy	Lombardy		$96.99
Arpepe	Grumello Rocca de Piro Valtellina Superiore	2019	Italy	Lombardy		$53.99
Arpepe	Sasella Valtellina Superiore Stella Retica	2017	Italy	Lombardy		$38.99
ArPePe Stella	Retia Valtellina Superiore	2017	Italy	Lombardy		$41.99
Bel Air	Marquis d'Aligre Margaux	1996	France	Bordeaux	Margaux	$85.99
Bel Air	Marquis d'Aligre Margaux	2009	France	Bordeaux	Margaux	$87.99
Bel Air	Marquis d'Aligre Margaux	2010	France	Bordeaux	Margaux	$87.99
Bel Air Marquis dAligre	Bel Air Marquis dAligre	1996	France	Bordeaux		$77.99
Bel Air Marquis dAligre	Bel Air Marquis dAligre	1998	France	Bordeaux		$77.99
Bel Air Marquis dAligre	Bel Air Marquis dAligre	2005	France	Bordeaux		$77.99
Bel Air Marquis dAligre	Bel Air Marquis dAligre	2010	France	Bordeaux		$77.99
Bel Air Marquis dAligre	Bel Air Marquis dAligre	2011	France	Bordeaux		$69.99
Bel Air Marquis dAligre	Bel Air Marquis dAligre	2013	France	Bordeaux		$79.99
Bel Air Marquis dAligre	Bel Air Marquis dAligre	2015	France	Bordeaux		$79.99
Bellaria	Brunello di Montalcino Bernazzi	2019	Italy	Italy		$38.99
Bernard and Fabrice Gripa	St.Joseph Blanc "Le Berceau"	2023	France	Rhône	Saint-Joseph	$89.99
Bernard and Fabrice Gripa	St.Peray Blanc "Les Figuiers"	2023	France	Rhône		$51.99
Bernard Gripa	St. Joseph Le Berceau Rouge	2022	France	Rhône	Saint-Joseph	$75.99
Bernard Gripa	St. Joseph Le Berceau Rouge	2020	France	Rhône	Saint-Joseph	$72.99
Bernard Gripa	St. Joseph Le Berceau Rouge	2021	France	Rhône	Saint-Joseph	$72.99
Bernard Gripa	St Joseph Le Berceau Blanc	2022	France	Rhône	Saint-Joseph	$72.99
Bernard Gripa	St Joseph Le Berceau Blanc	2023	France	Rhône	Saint-Joseph	$69.99
Bernard Gripa	St. Joseph Parady	2020	France	Rhône	Saint-Joseph	$64.99
Bernard Gripa	St. Joseph Parady	2022	France	Rhône	Saint-Joseph	$64.99
Bernard Gripa	St. Joseph Parady	2021	France	Rhône	Saint-Joseph	$62.99
Bernard Gripa	St. Joseph Rouge	2022	France	Rhône	Saint-Joseph	$44.99
Bernard Gripa	St. Peray Les Figuiers	2023	France	Rhône		$38.99
Caillez-Lemaire	Vinootheque	2008	France	Champagne		$120.00
Caillez-Lemaire	Cuvee Jadis	2010	France	Champagne		$59.99
Caillez-Lemaire	Cuvee Jadis	2011	France	Champagne		$61.99
Caillez-Lemaire	Cuvee Jadis	2012	France	Champagne		$59.99
Caillez-Lemaire	Chardonnay de la Valle Blancs de Blancs Brut Nature	2017	France	Champagne		$57.99
Caillez-Lemaire	Pur Meunier	2017	France	Champagne		$64.99
Caillez-Lemaire	Pur Meunier	2017	France	Champagne		$55.99
Caillez-Lemaire	Chardonnay de la Vallée Blanc de Blancs Brut Nature	2018	France	Champagne		$71.99
Caillez-Lemaire	Reflets Extra Brut	NV	France	Champagne		$37.99
Caillez-Lemaire	Rose Brut	NV	France	Champagne		$42.99
Caillez-Lemaire	Eclats Extra Brut	NV	France	Champagne		$41.99
Caillez-Lemaire "Pur Meunier" Brut Nature		2017	France	Champagne		$67.99
Calafe	Taurasi	2018	Italy	Campania	Greco di Tufo	$36.99
Calafe	Greco di Tufo Ariavacchia	2021	Italy	Campania	Greco di Tufo	$34.99
CaLaFe Ariavecchia	Greco di Tufo	2021	Italy	Campania		$36.99
Cantina Del	Signore Gattinara "Il Putto"	2020	Italy	Piedmont		$48.99
Cantina Del	Signore Rosè Metodo Classico Extra Dry Millesimato	2023	Italy	Piedmont		$41.99
Cantina Menegola	Valtellina Sasella Riserva Special	2018	Italy	Italy		$62.99
Cantina Menegola	Valtellina Sasella Riserva Special	2018	Italy	Lombardy		$62.99
Cascina DelSignore	Rose Metodo Classico Millesimato	2018	Italy	Piedmont		$33.99
Cascina DelSignore	Rose Metodo Classico Millesimato	2022	Italy	Piedmont		$33.99
Cascina Quarino	"Eclissi" Albugnano Superiore	2021	Italy	Piedmont		$49.99
Cascina Quarino	Albugnano	2022	Italy	Piedmont		$33.99
Cave Sebastien Blachon	St. Joseph Rouge Margariat	2021	France	Rhône	Saint-Joseph	$65.99
Cave Sebastien Blachon	St. Joseph Rouge Margariat	2021	France	Rhône	Saint-Joseph	$56.99
Cave Sebastien Blachon	St. Joseph Blanc Isaline	2021	France	Rhône	Saint-Joseph	$44.99
Caves Bourdy	Vin Jaune	2018	France	Jura		$79.99
Caves Bourdy	Chateua Chalon	2018	France	Jura		$91.99
Caves Jean	Bourdy Château-Chalon	2018	France	Jura		$89.99
Caves Jean Bourdy	Chateau Chalon	2017	France	Jura		$89.99
Caves Jean Bourdy	Caves Jean Bourdy Vin Jaune	2018	France	Jura		$79.99
Caves Jean Bourdy	Caves Jean Bourdy Château Chalon	2018	France	Jura		$91.99
Cecllia Monte	Barbaresco Serracapelli	2013	Italy	Italy		$50.99
Cecllia Monte	Barbaresco Serracapelli	2013	Italy	Piedmont		$50.99
Cecllia Monte	Barbaresco Serracapelli	2013	Italy	Piedmont		$49.99
Cesare Bussolo	Barolo La Serra	2020	Italy	Italy		$155.00
Cesare Bussolo	Barolo Fossati	2020	Italy	Italy		$155.00
Cesare Bussolo	Barbera d Alba Roscaleto	2021	Italy	Italy		$125.00
Cesare Bussolo	Barolo del Comune di La Morra	2021	Italy	Italy		$106.00
Cesare Bussolo	Barolo "Fossati"	2022	Italy	Piedmont		$200.00
Cesare Bussolo	Barolo "La Serra"	2022	Italy	Piedmont		$200.00
Cesare Bussolo	Barolo "La Serra"	2022	Italy	Piedmont		$182.00
Cesare Bussolo	Barolo "Fossati"	2022	Italy	Piedmont		$182.00
Cesare Bussolo	Barbera d'Alba Roscaleto	2022	Italy	Piedmont		$162.00
Cesare Bussolo	Barolo Fossati	2020	Italy	Piedmont		$155.00
Cesare Bussolo	Barolo La Serra	2020	Italy	Piedmont		$155.00
Cesare Bussolo	Barolo La Serra	2021	Italy	Piedmont		$155.00
Cesare Bussolo	Barolo Fossati	2021	Italy	Piedmont		$155.00
Cesare Bussolo	Barbera d'Alba Roscaleto	2022	Italy	Piedmont		$152.00
Cesare Bussolo	Barbera d Alba Roscaleto	2021	Italy	Piedmont		$125.00
Cesare Bussolo	Barolo del Comune di La Morra	2021	Italy	Piedmont		$106.00
Cesare Bussolo	Barbera Vigna Santa Lucia	2023	Italy	Piedmont		$41.99
Cesare Bussolo	Barbera dAlba Vigna San Lucia	2022	Italy	Piedmont		$36.99
Cesare Bussolo	Dolcetto dAlba San Bartolomeo	2023	Italy	Piedmont		$25.99
Château Bonneau	(Montagne-Saint-Émilion)	2022	France	Bordeaux	Montagne-Saint-Émilion	$36.99
Chateau Bouillerot	Essentia	2018	France	Bordeaux	Entre-deux-Mers	$22.99
Château de	Trinquevedel Tavel "Les Vignes d'Eugène" Rosé	2023	France	Rhône	Tavel	$40.99
Chateau de Trinquevedel	Tavel Les Vignes dEugene Rose	2023	France	Rhône	Tavel	$37.99
Chateau Samion	Bordeaux	2020	France	Bordeaux		$37.99
Chateau Samion	Bordeaux	2022	France	Bordeaux		$37.99
Chateau Simone	Palette Rouge	2022	France	Provence		$81.99
Chateau Simone	Palette Blanc	2022	France	Provence		$81.99
Chateau Thivin	Cote de Brouilly Cuvee Zacharrie	2021	France	Beaujolais		$52.99
Chateau Thivin	Cote de Brouilly Cuvee Zacharrie	2022	France	Beaujolais		$53.99
Chateau Thivin	Cote de Brouilly Les Griottes de Brulhie	2022	France	Beaujolais		$39.99
Chateau Thivin	Cote de Brouilly La Chapelle	2022	France	Beaujolais		$39.99
Chateau Thivin	Cote de Brouilly La Chapelle	2023	France	Beaujolais		$39.99
Chateau Thivin	Cote de Brouilly Cuvee Godefroy	2023	France	Beaujolais		$38.99
Chateau Thivin	Cote de Brouilly Les Griottes de Brulhie	2023	France	Beaujolais		$36.99
Chateau Thivin	Cote de Brouilly Cuvee Zacharrie	2023	France	Beaujolais		$53.99
Chateau Thivin	Cote de Brouilly Cuvee Zaccharie	2023	France	Beaujolais		$57.99
Chavy-Chouet	Meursault 1er Cru Les Genevrieres	2019	France	Burgundy	Meursault	$99.99
Chavy-Chouet	PulignyMontrachet 1er Cru Champ Gain	2022	France	Burgundy	Puligny-Montrachet	$130.00
Chavy-Chouet	Bourgogne Blanc Les Femelottes	2022	France	Burgundy		$34.99
Chavy-Chouet	Chavy-Chouet Puligny-Montrachet 1er Cru "Champs Gains"	2023	France	Burgundy	Puligny-Montrachet	$132.00
Chavy-Chouet	Maranges Rouge Les Plantes	2023	France	Burgundy	Maranges	$37.99
Chavy-Chouet	Puligny Montrachet 1er Cru "Champs Gains"	2023	France	Burgundy	Puligny-Montrachet	$132.00
Chavy-Chouet	St. Aubin 1er Cru "Les Murgers des Dents de Chien"	2023	France	Burgundy		$102.00
Chavy-Chouet	Meursault 1er Cru "Les Genevrières"	2023	France	Burgundy	Meursault	$134.00
Chavy-Chouet	Chavy-Chouet Meursault Narvaux	2023	France	Burgundy	Meursault	$73.99
Chavy-Chouet	Maranges Blanc Les Meurees	2023	France	Burgundy	Maranges	$37.99
Chavy-Chouet	Meursault 1er Cru Les Genevrieres	2023	France	Burgundy	Meursault	$130.00
Chavy-Chouet	St. Aubin 1er Cru Les Murgers de Dents de Chien	2023	France	Burgundy		$97.99
Chavy-Chouet	Meursault Narvaux	2023	France	Burgundy	Meursault	$69.99
Chavy-Chouet	Puligny-Montrachet Les Enseigneres	2023	France	Burgundy	Puligny-Montrachet	$78.99
Chavy-Chouet	Meursault Clos de Corvees de Citeau	2023	France	Burgundy	Meursault	$78.99
Chavy-Chouet	PulignyMontrachet 1er Cru Champ Gain	2023	France	Burgundy	Puligny-Montrachet	$129.00
Chavy-Chouet	Meursault Narvaux	2032	France	Burgundy	Meursault	$73.99
Christophe Billon	Cote Rotie La Brocarde	2021	France	Rhône	Côte-Rôtie	$74.99
Christophe Billon	Cote Rotie Les Rozier	2020	France	Rhône	Côte-Rôtie	$69.99
Christophe Billon	Cote Rotie Les Rozier	2019	France	Rhône	Côte-Rôtie	$67.99
Christophe Billon	Cote Rotie La Vialliere	2020	France	Rhône	Côte-Rôtie	$64.99
Christophe Billon	Cote Rotie Les Elotins	2021	France	Rhône	Côte-Rôtie	$49.99
Christophe Billon	Condrieu Les Matisses	2022	France	Rhône		$44.99
Cian Fagna	Sator Gran Maestro	2018	Italy	Italy		$54.99
Cian Fagna	Sator Gran Maestro	2018	Italy	Molise		$54.99
Cianfagna	Sator Gran Maestro Riserva	2018	Italy	Molise		$66.99
Cianfagna	Aglianico del Molise Riserva "Militum Christi"	2013	Italy	Molise		$38.99
Clement Perseval	Millésime Extra Brut	2013	France	Champagne		$155.00
Clément Perseval	"Les Tremblaies" Extra Brut 1er Cru	2013	France	Champagne		$109.00
Clément Perseval	"Les Rouleuax" Extra Brut Blanc de Blancs	2016	France	Champagne		$99.99
Clément Perseval	"La Luth" 1er Cru Extra Brut	2016	France	Champagne		$109.00
Compagnie de lHermitage	Cote Rotie Lieu Dit La Brocarde	2021	France	Rhône	Côte-Rôtie	$148.00
Compagnie de lHermitage	Cote Rotie Lieu Dit La Brocarde	2019	France	Rhône	Côte-Rôtie	$140.00
Compagnie de lHermitage	Cote Rotie Lieu Dit La Brocarde	2018	France	Rhône	Côte-Rôtie	$130.00
Compagnie de lHermitage	Chateauneuf du Pape Lieu Dit Pignan	2022	France	Rhône	Châteauneuf-du-Pape	$96.99
Compagnie de lHermitage	Chateauneuf du Pape Lieu Dit Pignan	2020	France	Rhône	Châteauneuf-du-Pape	$94.99
Compagnie de lHermitage	Chateauneuf du Pape Lieu Dit Pignan	2021	France	Rhône	Châteauneuf-du-Pape	$88.99
Compagnie de lHermitage	Chateauneuf du Pape Lieu Dit Pignan	2021	France	Rhône	Châteauneuf-du-Pape	$87.99
Compagnie de lHermitage	Crozes-Hermitage Rouge VV de Gervans	2022	France	Rhône	Hermitage	$41.99
Compagnie de lHermitage	Cairanne Vieilles Vignes	2023	France	Rhône	Cairanne	$29.99
Compagnie de lHermitage	Cairanne Vieilles Vignes	2021	France	Rhône	Cairanne	$28.99
Compagnie de lHermitage	Cairanne Vieilles Vignes	2022	France	Rhône	Cairanne	$28.99
Compagnie L'Hermitage	Chateauneuf-du-Pape "lieu dit Pignan"	2021	France	Rhône		$91.99
Compagnie l'Hermitage	(Lelektsoglou) Côte Rôtie "La Brocarde"	2022	France	Rhône		$162.00
Compagnie L'Hermitage	Châteauneuf-du-Pape "Lieu-Dit Pignan"	2022	France	Rhône		$114.00
Compagnie L'Hermitage	Châteauneuf-du-Pape 'Lieu-Dit Pignan'	2022	France	Rhône		$114.00
Cuchet Beliando	Cornas	2015	France	Rhône	Cornas	$116.00
Cuchet Beliando	Cornas	2016	France	Rhône	Cornas	$115.00
Cuchet Beliando	Cornas	2018	France	Rhône	Cornas	$114.00
Cuchet Beliando	Cornas	2020	France	Rhône	Cornas	$111.00
Cuchet Beliando	Cornas	2018	France	Rhône	Cornas	$105.00
Cuchet Beliando	Cornas	2020	France	Rhône	Cornas	$105.00
Cuchet Beliando	Cornas	2017	France	Rhône	Cornas	$99.99
Cuchet Beliando	Cornas	2019	France	Rhône	Cornas	$99.99
Cuchet Beliando	Cornas	2018	France	Rhône	Cornas	$94.99
Cuchet-Beliando	Cornas	2020	France	Rhône		$117.00
Cuchet-Beliando Cornas	2019		France	Rhône		$111.00
Daniel And Monika Marugg	Chardonnay	2023	Switzerland	Graubunden		$43.99
Daniel And Monika Marugg	Merlot/Malbec	2023	Switzerland	Graubunden		$40.99
Daniel-Etienne Defaix	Chablis Les Lys	2013	France	Burgundy	Chablis	$49.99
Daniel-Etienne Defaix	Chablis Les Lys	2014	France	Burgundy	Chablis	$59.99
Daniel-Etienne Defaix	Chablis 1er Cru "Les Lys"	2014	France	Burgundy	Chablis	$65.99
Diot Benoit	Millésime Vieilles Vignes GC	2008	France	Champagne		$74.99
Diot Benoit	Millésime Vieilles Vignes GC	2008	France	Champagne		$77.99
Diot Benoit	Millésime Vieilles Vignes GC	2010	France	Champagne		$75.99
Diot-Legras Les	Mesnil Vieilles Vignes Grand Cru	2010	France	Champagne		$93.99
Domaine Berlancourt	Bourgogne Rose	2018	France	Burgundy		$29.99
Domaine Berlancourt	Bourgogne Rose	2019	France	Burgundy		$31.99
Domaine Berlancourt	Domaine Berlancourt Bourgogne Rosé	2019	France	Burgundy		$31.99
Domaine Berlancourt	Bourgogne Rose	2019	France	Burgundy		$27.99
Domaine Berlancourt	Bourgogne Blanc "Les Equinces"	2021	France	Burgundy		$41.99
Domaine Berlancourt	"Cuvee Madamoiselle" Bourgogne Blanc	2021	France	Burgundy		$54.99
Domaine Berlancourt	Domaine Berlancourt Bourgogne Blanc "Les Equinces"	2021	France	Burgundy		$41.99
Domaine Berlancourt	Cuvee La Demoiselle	2021	France	Burgundy		$49.99
Domaine Berlancourt	Bourgogne Les Equinces	2021	France	Burgundy		$39.99
Domaine Berlancourt	Domaine Berlancourt "Cuvee La Demoiselle" Bourgogne Blanc	2021	France	Burgundy		$54.99
Domaine Berlancourt	Bourgogne Rouge	2022	France	Burgundy		$59.99
Domaine Berlancourt	Cuvee La Demoiselle	2022	France	Burgundy		$51.99
Domaine Berlancourt	Bourgogne Les Equinces	2022	France	Burgundy		$38.99
Domaine Berlancourt	Bourgogne Roiuge	2022	France	Burgundy		$55.99
Domaine Berlancourt	Domaine Berlancourt Bourgogne Rouge	2022	France	Burgundy		$59.99
Domaine Blachon	St. Joseph Rouge "Margariat"	2023	France	Rhône	Saint-Joseph	$63.99
Domaine Clos de lEcotard	Saumur Blanc Les Pentes des Clos de lEcotard	2020	France	Loire		$69.99
Domaine Clos de lEcotard	Saumur Blanc Les Pentes des Clos de lEcotard	2021	France	Loire		$69.99
Domaine Daniel-Etienne Defaix	Chablis 1er Cru Cote de Lechet	2012	France	Burgundy	Chablis	$51.99
Domaine Daniel-Etienne Defaix	Chablis 1er Cru Vaillons	2013	France	Burgundy	Chablis	$49.99
Domaine de Cote Epine	St. Joseph Vieilles Vignes 'Cuvée Spéciale'	2023	France	Rhône		$51.99
Domaine de la Côte	St. Épine Saint-Joseph Cuvée L'Élégance	2024	France	Rhône	Saint-Joseph	$28.99
Domaine de la Cote St Epine	St Joseph Rouge Vieilles Vignes Cuvee Reserve	2022	France	Rhône	Saint-Joseph	$37.99
Domaine de la Cote St Epine	St Joseph Rouge Vieilles Vignes Cuvee Reserve	2018	France	Rhône	Saint-Joseph	$35.99
Domaine de la Cote St Epine	St Joseph Rouge Vieilles Vignes Cuvee Reserve	2019	France	Rhône	Saint-Joseph	$35.99
Domaine de la Cote St Epine	St Joseph Rouge Cuvee Elegance	2023	France	Rhône	Saint-Joseph	$25.99
Domaine des	Remizières Hermitage Rouge "Cuvée Émilie"	2023	France	Rhône	Hermitage	$98.99
Domaine des	Remizières Hermitage Blanc "Cuvée Émilie"	2024	France	Rhône	Hermitage	$84.99
Domaine des	Pierres Seches St. Joseph Blanc "Cuvee 1930"	2020	France	Rhône	Saint-Joseph	$76.99
Domaine des	Pierres Seches St. Joseph Rouge "Cuvee 1930"	2022	France	Rhône	Saint-Joseph	$76.99
Domaine des	Miquettes St. Joseph "Madloba"	2022	France	Rhône	Saint-Joseph	$63.99
Domaine des	Pierres Sèches St. Joseph "Revirand"	2023	France	Rhône	Saint-Joseph	$53.99
Domaine Des	Pierres Sèches St. Joseph Rouge	2023	France	Rhône	Saint-Joseph	$37.99
Domaine des	Pierres Seches St. Joseph Blanc	2023	France	Rhône	Saint-Joseph	$37.99
Domaine des Pierres Seches	Saint Joseph Cuvee 1930 Blanc	2022	France	Rhône	Saint-Joseph	$62.99
Domaine des Pierres Seches	St. Joseph Revirand	2021	France	Rhône	Saint-Joseph	$51.99
Domaine des Pierres Seches	St. Joseph Revirand	2022	France	Rhône	Saint-Joseph	$51.99
Domaine des Pierres Seches	St. Joseph Blanc	2023	France	Rhône	Saint-Joseph	$34.99
Domaine des Pierres Seches	Saint Joseph Rouge	2022	France	Rhône	Saint-Joseph	$29.99
Domaine des Pierres Seches	St. Joseph Blanc	2023	France	Rhône	Saint-Joseph	$29.99
Domaine des Roches Neuves	Les Memoires Saumur Champigny Rouge (5028)	2017	France	Loire		$47.99
Domaine des Roches Neuves	Saumur Champigny Marginale (4291)	2018	France	Loire		$47.99
Domaine des Roches Neuves	Franc de Pied Saumur Champigny (5327)	2018	France	Loire		$41.99
Domaine des Roches Neuves	Clos de lEchelier Saumur Champigny Rouge	2019	France	Loire		$67.99
Domaine des Roches Neuves	Saumur Franc de Pied (5326)	2019	France	Loire		$43.99
Domaine des Roches Neuves	Clos de lEchelier Saumur Champigny Rouge (5325)	2019	France	Loire		$47.99
Domaine des Roches Neuves	Franc de Pied Saumur Champigny	2020	France	Loire		$51.99
Domaine des Roches Neuves	Clos de lEchelier Saumur Champigny Rouge	2020	France	Loire		$51.99
Domaine des Roches Neuves	Les Memoires Saumur Champigny Rouge	2021	France	Loire		$52.99
Domaine des Roches Neuves	Franc de Pied Saumur Champigny	2021	France	Loire		$46.99
Domaine des Roches Neuves	Franc de Pied Saumur Champigny	2021	France	Loire		$48.99
Domaine des Roches Neuves	Clos Romans	2022	France	Loire		$84.99
Domaine des Roches Neuves	Clos dEchalier Blanc	2022	France	Loire		$69.99
Domaine des Roches Neuves	Clos de lEchelier Blanc	2022	France	Loire		$71.99
Domaine des Roches Neuves	Franc de Pied Saumur Champigny	2022	France	Loire		$56.99
Domaine des Roches Neuves	Franc de Pied Saumur Champigny	2022	France	Loire		$58.99
Domaine des Roches Neuves	Les Memoires Saumur Champigny Rouge	2022	France	Loire		$64.99
Domaine des Roches Neuves	Clos de lEchelier Saumur Champigny Rouge	2022	France	Loire		$59.99
Domaine des Rutissons	Etraire de la Huy	2021	Italy	Italy		$29.99
Domaine des Rutissons	M. Leblanc	2020	France	Savoie		$26.90
Domaine des Rutissons	Verdesse IGP	2021	France	Savoie		$29.99
Domaine des Rutissons	Etraire de la Huy	2021	France	Savoie		$29.99
Domaine des Rutissons	Etraire de la Huy	2023	France	Savoie		$29.99
Domaine du	Tunnel St. Peray "Pur Blanc"	2024	France	Rhône		$110.00
Domaine du	Tunnel Condrieu	2024	France	Rhône		$91.99
Domaine du	Tunnel Cornas	2022	France	Rhône	Cornas	$61.99
Domaine du Tunnel	Cornas Vin Noir	2021	France	Rhône	Cornas	$92.99
Domaine du Tunnel	Cornas Vin Noir	2021	France	Rhône	Cornas	$89.99
Domaine du Tunnel	Cornas Vin Noir (GCP)	2021	France	Rhône	Cornas	$89.99
Domaine du Tunnel	St. Peray Pur Blanc	2023	France	Rhône		$89.99
Domaine du Tunnel	Cornas Vin Noir	2021	France	Rhône	Cornas	$87.99
Domaine du Tunnel	Condrieu	2023	France	Rhône		$77.99
Domaine du Tunnel	Cornas	2022	France	Rhône	Cornas	$58.99
Domaine du Tunnel	St. Peray Cuvee Prestige	2023	France	Rhône		$57.99
Domaine du Tunnel	St. Peray Cuvee Roussanne (5376)	2021	France	Rhône		$49.99
Domaine du Vissoux	Fleurie Poncie	2019	France	Beaujolais		$25.99
Domaine Gallet	Cote Rotie	2022	France	Rhône	Côte-Rôtie	$50.99
Domaine Gallet	VDF Cuvee Gallet Jade	2023	France	Rhône		$25.99
Domaine Grosbot-Barbara	Les Maltotes Cuvée PP 13 Saint-Pourçain Blanc	2023	France	Beaujolais		$41.99
Domaine Jasmin	Cote-Rotie "Olea"	2020	France	Rhône	Côte-Rôtie	$79.99
Domaine Jean-Marc and Hugues Pavelot	Savigny Les Beaune 1er Cru La Dominode	2021	France	Burgundy	Savigny-lès-Beaune	$59.99
Domaine Jean-Marc and Hugues Pavelot	Savigny Les Beaune 1er Cru La Dominode	2022	France	Burgundy	Savigny-lès-Beaune	$57.99
Domaine Jean-Marc and Hugues Pavelot	Savigny Les Beaune 1er Cru Aux Gravains	2022	France	Burgundy	Savigny-lès-Beaune	$54.99
DOMAINE MARC JAMBON ET FILS	Macon Pierriclos Le Carruge	2022	France	Burgundy	Mâcon	$29.99
DOMAINE MARC JAMBON ET FILS	Bourgogne Aligote	2023	France	Burgundy		$20.99
Domaine Michellas St Jemmes	Cornas Terres dArces	2020	France	Rhône	Cornas	$74.99
Domaine Philippe	Naddef Fixin Vieilles Vignes	2023	France	Burgundy		$64.99
Domaine Philippe Naddef	Marsannay Les Genelieres	2023	France	Burgundy		$38.99
Domaine Rebourgeon	Beaune "Epenottes"	2023	France	Burgundy	Beaune	$51.99
Domaine Saint-Damien	Gigondas Vieilles Vignes	2023	France	Rhône	Gigondas	$31.99
Domaine Saint-Damien	Domaine Saint-Damien Gigondas Vieilles Vignes	2023	France	Southern Rhône		$31.99
Domaine Servin	Chablis 1er Cru Monte de Tonnere	2022	France	Burgundy	Chablis	$34.99
Domaine Servin	Chablis Grand Cru Les Clos	2023	France	Burgundy	Chablis	$84.99
Domaine St. Gayan	Gigondas In Nominae Patris	2019	France	Rhône	Gigondas	$49.99
Dönnhoff	Niederhäuser Hermannshöhle Spätlese	2023	Germany	Nahe		$51.99
Dr Burklin Wolf	Pechstein Riesling GC	2023	Germany	Pfalz	Pfalz	$200.00
Dr Wehrheim	Sonnenschein Spatburgnder GG	2021	Germany	Germany		$59.99
Dr Wehrheim	Weissburgunder Mandelberg GG	2022	Germany	Pfalz		$57.99
Dr Wehrheim	Weissburgunder Mandelberg GG	2022	Germany	Pfalz		$56.99
Dr Wehrheim	Chardonnay Roisenberg	2021	Germany	Pfalz		$39.99
Dr Wehrheim	Chardonnay Roisenberg	2023	Germany	Pfalz		$37.99
Dr Wehrheim	Weissburgunder Birkweiler Rosenberg El	2023	Germany	Pfalz		$36.99
Dr. Wehreim	Riesling Kastaninbusch GG	2022	Germany	Pfalz		$58.99
Dr. Wehrheim	Weissburgunder Mandelberg Grosses Gewachs	2023	Germany	Pfalz		$71.99
Dr. Wehrheim	Riesling Kastanienbusch GG	2023	Germany	Pfalz		$69.99
Dr. Wehrheim	Riesling Kastanienbusch GG	2022	Germany	Pfalz		$59.99
Dr. Wehrheim	Dr. Wehrheim Riesling Kastanienbusch GG	2022	Germany	Pfalz		$58.99
Dr. Wehrheim	Riesling Kastanienbusch GG	2022	Germany	Pfalz		$57.99
Dubreuil-Fontaine	Corton Bressandes	2021	France	Burgundy	Aloxe-Corton	$87.99
Dubreuil-Fontaine	Corton Clos du Roi	2021	France	Burgundy	Aloxe-Corton	$89.99
E. Guigal	E. Guigal Côte-Rôtie La Turque (3-pack)	2021	France	Rhône
E. Guigal	E. Guigal Côte-Rôtie La Mouline (3-pack)	2021	France	Rhône
E. Guigal	E. Guigal Côte-Rôtie La Landonne (3-pack)	2021	France	Rhône
E. Guigal	Cote Rotie La Mouline	2021	France	Rhône	Côte-Rôtie
E. Guigal	Cote Rotie La Turque	2021	France	Rhône	Côte-Rôtie
E. Guigal	Cote Rotie La Landonne	2021	France	Rhône	Côte-Rôtie
Elie Bancel	Cornas	2023	France	Rhône	Cornas	$94.99
Emmanuel Darnaud	St. Joseph Dardouille	2021	France	Rhône	Saint-Joseph	$53.99
Emmanuel Darnaud	Crozes-Hermitage "Au Fil du Temps"	2021	France	Rhône	Hermitage	$41.99
Emmanuel Verset	Cornas Signature Verset	2022	France	Rhône	Cornas	$82.99
Emmanuel Verset	Cornas	2020	France	Rhône	Cornas	$59.99
Enderle & Moll	Weißburgunder / Pinot Blanc Sphere	2021	Germany	Baden		$42.99
Enderle & Moll	Weißburgunder / Pinot Blanc Sphere	2021	Germany	Baden		$40.99
Enderle & Moll	Grauburgunder / Pinot Gris Skins	2021	Germany	Baden		$40.99
Enderle & Moll	Muller Thurgau Pur	2021	Germany	Baden		$20.99
Enderle & Moll	Muller Thurgau Muller	2022	Germany	Baden		$19.99
Enderle & Moll	Bundsandstein	2022	Germany	Germany		$51.99
Enderle & Moll	Muschelkalk	2022	Germany	Germany		$51.99
Enderle & Moll	Muschelkalk	2022	Germany	Baden		$51.99
Enderle & Moll	Bundsandstein	2022	Germany	Baden		$51.99
Enderle & Moll	Bundsandstein	2022	Germany	Baden		$49.99
Enderle & Moll	Muschelkalk	2022	Germany	Baden		$49.99
Enderle & Moll	Weißburgunder / Pinot Blanc Sphere	2021	Germany	Baden		$42.99
Enderle & Moll	Grauburgunder / Pinot Gris Skins	2021	Germany	Baden		$40.99
Enderle & Moll	Weißburgunder / Pinot Blanc Sphere	2021	Germany	Baden		$40.99
Enderle & Moll	Grauburgunder / Pinot Gris Skins	2021	Germany	Baden		$39.99
Enderle & Moll	Grauburgunder (4867)	2021	Germany	Baden		$22.99
Enderle & Moll	Muller Thurgau Pur	2021	Germany	Baden		$20.99
Enderle & Moll	Muller Thurgau Muller	2022	Germany	Baden		$19.99
Etienne Calsac	Extra-Brut Blanc de Blancs Echappelle Belle	NV	France	Champagne		$47.99
Familie Jouffreau	Cahors "Clos des Gamot Vignes Centenaires"	2022	France	Southwest France		$48.99
Familie Jouffreau Clos de Gamot	Cahors	1986	Italy	Italy		$160.00
Familie Jouffreau Clos de Gamot	Cahors Vignes Centenaires	2015	Italy	Italy		$57.99
Familie Jouffreau Clos de Gamot	Cahors	2020	Italy	Italy		$26.99
Familie Jouffreau Clos de Gamot	Cahors Clos Gamotine	2021	Italy	Italy		$21.99
Familie Jouffreau Clos de Gamot	Cahors	1986	France	Southwest France		$160.00
Familie Jouffreau Clos de Gamot	Cahors	2020	France	Southwest France		$26.99
Familie Jouffreau Clos de Gamot	Cahors Clos Gamotine	2021	France	Southwest France		$21.99
Familie Jouffreau Clos de Gamot	Cahors Vignes Centenaires	2022	France	Southwest France		$45.99
Familie Jouffreau Clos de Gamot	Cahors	2022	France	Southwest France		$24.99
Famille Jouffreau	Famille Jouffreau Cahors "Clos de Gamot"	2022	Southwest France	Cahors		$27.99
Famille Jouffreau	Famille Jouffreau Cahors "Clos des Gamot Vignes Centenaires"	2022	Southwest France	Cahors		$48.99
Famlie Jouffreau	Cahors "Clos de Gamot"	2022	France	Southwest France		$27.99
Francois Buffet	Pommard 1er Cru Le Clos Micot	2021	France	Burgundy	Pommard	$65.99
Francois Buffet	Volnay 1er Cru La Village	2022	France	Burgundy	Volnay	$64.99
Francois Buffet	Volnay	2022	France	Burgundy	Volnay	$45.99
Francois Buffet	Savigny Les Beaune 1er Cru Narbantons	2022	France	Burgundy	Savigny-lès-Beaune	$44.99
Francois Buffet	Volnay 1er Carelle Sous la Chapelle	2022	France	Burgundy	Volnay	$64.99
Francois Buffet	Volnay 1er Cru Clos de la Rougeotte Monopole	2022	France	Burgundy	Volnay	$66.99
Francois Buffet	Volnay 1er Cru Clos de Chenes	2022	France	Burgundy	Volnay	$67.99
Francois Buffet	Volnay	2022	France	Burgundy	Volnay	$43.99
Francois Buffet	Pommard 1er Cru Le Clos Micot	2022	France	Burgundy	Pommard	$65.99
Francois Buffet	Pernand Vergelesses 1er Cru Les Vergelesses	2022	France	Burgundy		$44.99
Francois Buffet	Volnay 1er Cru "Clos des Chenes"	2023	France	Burgundy	Volnay	$69.99
Francois Buffet	Volnay 1er Cru "Clos des Chenes"	2023	France	Burgundy	Volnay	$76.99
Francois Buffet	Pommard	2023	France	Burgundy	Pommard	$45.99
Francois Buffet	Volnay 1er Cru "Clos de la Rougeotte" MONOPOLE	2023	France	Burgundy	Volnay	$77.99
Francois Buffet	Volnay 1er Cru "Clos de la Rougeotte" MONOPOLE	2023	France	Burgundy	Volnay	$81.99
Francois Buffet	Volnay 1er Cru "Champans"	2023	France	Burgundy	Volnay	$81.99
Francois Buffet	Volnay	2023	France	Burgundy	Volnay	$57.99
Francois Buffet	Volnay	2023	France	Burgundy	Volnay	$45.99
Francois Buffet	Volnay 1er Cru "Champans"	2023	France	Burgundy	Volnay	$77.99
Francois Buffet	Savigny Les Beaune 1er Cru	2023	France	Burgundy	Savigny-lès-Beaune	$55.99
Francois Buffet	Volnay	2023	France	Burgundy	Volnay	$53.99
Francois Buffet	Volnay 1er Cru "Champans"	2023	France	Burgundy	Volnay	$81.99
Francois Buffet	Volnay 1er Cru "Taillepieds"	2023	France	Burgundy	Volnay	$69.99
Francois Buffet	Pommard	2023	France	Burgundy	Pommard	$53.99
Francois Buffet	Pommard	2023	France	Burgundy	Pommard	$48.99
Francois Buffet	Pommard 1er Cru "Les Rugiens"	2023	France	Burgundy	Pommard	$94.99
Francois Buffet	Pommard 1er Cru "Rugiens"	2023	France	Burgundy	Pommard	$84.99
Francois Buffet	Pommard 1er Cru "Les Poutures"	2023	France	Burgundy	Pommard	$81.99
Francois Buffet	Volnay	2023	France	Burgundy	Volnay	$48.99
François Buffet	Volnay 1er Cru 'Carelle-sous-la-Chapelle'	2023	France	Burgundy	Volnay	$81.99
François Buffet	Volnay 1er Cru 'Le Village'	2023	France	Burgundy	Volnay	$81.99
François Buffet	Volnay 1er Cru "Le Village"	2023	France	Burgundy	Volnay	$81.99
François Buffet	Volnay 1er Cru "Carelle-sous-la-Chapelle"	2023	France	Burgundy	Volnay	$81.99
Frederic Lambert	Chateau Chalon	2018	France	Jura		$91.99
Frederic Lambert	Vin Jaune	2018	France	Jura		$86.99
Garaudet	Monthelie Blanc 'Les Champs Fulliot'	2023	France	Burgundy	Monthelie	$71.99
Garaudet Pere & Fils	Monthelie Blanc "Les Champs Fulliot"	2023	France	Burgundy	Monthelie	$71.99
Georges Lelektsoglou	Cairanne Vieilles Vignes	2023	France	Rhône	Cairanne	$33.99
Gerard Courbis	St. Joseph Vieilles Vignes	2011	France	Rhône	Saint-Joseph	$57.99
Gerard Courbis	St. Joseph Vieilles Vignes	2021	France	Rhône	Saint-Joseph	$49.99
Gerard Courbis	St. Joseph Vieilles Vignes	2022	France	Rhône	Saint-Joseph	$49.99
Gerard Courbis	St. Joseph Vieilles Vignes	2023	France	Rhône	Saint-Joseph	$49.99
Gerard Courbis et Fils	Cornas	2023	France	Rhône	Cornas	$66.99
Gerard Courbis Pere & Fils	Gerard Courbis Cornas	2023	France	Rhône		$69.99
Gerard Courbis Pere & Fils	Cornas	2023	France	Rhône	Cornas	$69.99
Gerard Courbis Pere & Fils	St. Joseph Vieilles Vignes	2023	France	Rhône	Saint-Joseph	$54.99
Gilles Berlioz	Chignin Bergeron Les Christine (4600)	2020	France	Savoie		$96.99
Gilles Berlioz	Resilience Chignin Bergeron	2023	France	Savoie		$62.99
Giuseppe Negro	Monsu Rose Langhe Rosato	2019	Italy	Piedmont		$24.99
Gonon	St. Joseph Blanc Oliviers	2022	France	Rhône	Saint-Joseph	$135.00
Guillaume Gilles	Cornas	2021	France	Rhône	Cornas	$89.99
Guillaume Gilles	Cornas	2022	France	Rhône	Cornas	$89.99
Guillaume Gilles	Cornas Nouvelle R	2023	France	Rhône	Cornas	$76.99
Guillaume Gilles	Cornas Nouvelle R	2023	France	Rhône	Cornas	$69.99
Guillaume Gilles	Cornas Nouvelle R	2023	France	Rhône	Cornas	$65.99
Guillaume Gilles	St. Peray	2023	France	Rhône		$59.99
Guillaume Gilles	Cotes du Rhône "Les Peyrouses"	2023	France	Rhône		$59.99
Guillaume Gilles	Cotes du Rhône "Les Peyrouses"	2023	France	Rhône		$55.99
Guillaume Gilles	Cotes du Rhône Les Peyrouses	2023	France	Rhône		$51.99
Gunter Steinmetz	Wintricher Geierslay "Rondel"	2023	Germany	Mosel		$28.99
Gunther Steinmetz	Kestener Paulinsberg Pinot Noir*	2020	Germany	Germany		$25.99
Gunther Steinmetz	Alter Satz	2021	Germany	Germany		$22.99
Gunther Steinmetz	Neumagener Rosengärtchen von der Terrasen	2022	Germany	Mosel		$47.99
Gunther Steinmetz	Detzemer Maximin Klosterlay Riesling	2023	Germany	Mosel		$46.99
Gunther Steinmetz	Dhroner Hofberger Reserve	2023	Germany	Mosel		$45.99
Gunther Steinmetz	Piesporter Treppchen Auslese	2022	Germany	Mosel		$38.99
Gunther Steinmetz	Dhroner Grosser Hengelberg Riesling Monopollage	2023	Germany	Mosel		$37.99
Gunther Steinmetz	Brauneberger Juffer HL	2014	Germany	Mosel		$36.99
Gunther Steinmetz	Steinmetz Piesporter Goldtröpfchen "GP"	2016	Germany	Mosel		$36.99
Gunther Steinmetz	Steinmetz Muhlheimer Sonnenlay Pinot Noir***	2020	Germany	Mosel		$36.99
Gunther Steinmetz	Zeltinger Sonnenuhr GZ	2022	Germany	Mosel		$36.99
Gunther Steinmetz	Riesling Kestener Paulinshofberg GK	2016	Germany	Mosel		$35.99
Gunther Steinmetz	Rose Reserve	2024	Germany	Mosel		$35.99
Gunther Steinmetz	Gunther Steinmetz Brauneberger Juffer Rielsing HL	2014	Germany	Mosel		$34.99
Gunther Steinmetz	Muhlheimer Sonnenlay Pinot Noir***	2020	Germany	Mosel		$34.99
Gunther Steinmetz	Zeltinger Sonnenuhr GZ	2023	Germany	Mosel		$34.99
Gunther Steinmetz	Piesporter Treppchen Kabinett	2024	Germany	Mosel		$33.99
Gunther Steinmetz	Steinmetz Kestener Herrenberg Pinot Noir	2020	Germany	Mosel		$31.99
Gunther Steinmetz	Steinmetz Piesporter Goldtröpfchen Kabinett	2023	Germany	Mosel		$29.99
Gunther Steinmetz	Steinmetz Wehlener Sonnenuhr Kanbinett	2023	Germany	Mosel		$29.99
Gunther Steinmetz	Kestener Herrenberg Pinot Noir	2023	Germany	Mosel		$29.99
Gunther Steinmetz	Piesporter Treppchen Kabinett	2024	Germany	Mosel		$29.99
Gunther Steinmetz	Brauneberger Juffer GB	2022	Germany	Mosel		$28.99
Gunther Steinmetz	Steinmetz Wintricher Großer Herrgott Kabinett	2024	Germany	Mosel		$28.99
Gunther Steinmetz	Kestener Herrenberg Kabinett	2020	Germany	Mosel		$27.99
Gunther Steinmetz	Wintricher Ohligsberg "Rondel"	2023	Germany	Mosel		$27.99
Gunther Steinmetz	Kestener Paulinsberg Pinot Noir*	2020	Germany	Mosel		$25.99
Gunther Steinmetz	Wintricher Ohligsberg Rondel	2023	Germany	Mosel		$25.99
Gunther Steinmetz	Steinmetz "Alter Satz"	2021	Germany	Mosel		$24.99
Gunther Steinmetz	Piesporter Domherr Kabinett	2023	Germany	Mosel		$24.99
Gunther Steinmetz	Brauneberger Juffer Kabinett	2023	Germany	Mosel		$23.99
Gunther Steinmetz	Piesporter Goldtropfchen Kabinett	2023	Germany	Mosel		$23.99
Gunther Steinmetz	Wehlener Sonnenuhr Kabinett	2023	Germany	Mosel		$23.99
Gunther Steinmetz	Alter Satz	2021	Germany	Mosel		$22.99
Gunther Steinmetz	Piesporter Grafenberg Kabinett	2022	Germany	Mosel		$22.99
Günther Steinmetz	Neumagener Rosengärtchen Von den Terrassen	2024	Germany	Mosel		$61.99
Günther Steinmetz	Dhroner Grosser Hengelberg Monopollage Riesling GG	2024	Germany	Mosel		$47.99
Günther Steinmetz	Dhroner Großer Hengelberg "Monopollage" Riesling GG	2024	Germany	Mosel	Dhron	$45.99
Günther Steinmetz	Dhroner Grosser Hengelberg Monopollage Riesling GG	2024	Germany	Mosel	Dhron	$45.99
Günther Steinmetz	Wintricher Ohligsberg Kabinett	2024	Germany	Mosel		$29.99
Gut Hermannsberg	Kupfergrube GG Reserve	2020	Germany	Nahe		$109.00
Gut Hermannsberg	Gut Hermannsberg Traiser Bastei GG	2022	Germany	Nahe		$91.99
Gut Hermannsberg	Traiser Bastein GG	2022	Germany	Nahe		$91.99
Gut Hermannsberg	Traiser Bastei GG (2)	2022	Germany	Nahe		$88.99
Gut Hermannsberg	Niederhausen Hermannsberg GG Reserve	2019	Germany	Nahe		$74.99
Gut Hermannsberg	Felsenberg Schlossböckelheim GG	2021	Germany	Nahe		$59.99
Gut Hermannsberg	7 Terroirs Riesling Trocken	2020	Germany	Nahe		$28.99
Gut Hermannsberg	7 Terroirs Riesling Trocken	2024	Germany	Nahe		$26.99
Hanspeter Ziereisen	Ziereisen Jaspis Chardonnay Nägelin	2022	Germany	Baden		$69.99
Hanspeter Ziereisen	Ziereisen Grauburgunder "Würmlin - Jaspis"	2022	Germany	Baden		$55.99
Hector Adrien Charalambos Lelektsoglou	Cote Rotie	2021	France	Rhône	Côte-Rôtie	$67.99
Henri Gallet	Cote Rotie	2023	France	Rhône	Côte-Rôtie	$60.99
J. Despesse	Cornas	2023	France	Rhône	Cornas	$61.99
J.J. Girard	Volnay 1er Cru "Mitans"	2023	France	Burgundy	Volnay	$91.99
J.J. Girard	JJ Girard Beaune 1er Cru "Clos du Roi"	2023	France	Burgundy	Beaune	$51.99
J.J. Girard	JJ Girard Pommard 1er Cru "Les Chaponnières"	2023	France	Burgundy	Pommard	$86.99
J.J. Girard	JJ Girard Savigny-Les-Beaune 1er Cru "Les Narbantons"	2023	France	Burgundy	Savigny-lès-Beaune	$47.99
Jacques Lemenicier	Cornas Pere Laurier	2020	France	Rhône	Cornas	$87.99
Jacques Lemenicier	Cornas	2021	France	Rhône	Cornas	$51.99
Jacques Lemenicier	St. Peray Cuvee Elegance	2022	France	Rhône		$41.99
Jacques Lemenicier	Cornas	2023	France	Rhône	Cornas	$61.99
Jacques Lemenicier	Cornas "Père Laurier"	2022	France	Rhône	Cornas
Jacques Lemenicier	Cornas	2023	France	Rhône	Cornas	$63.99
Jacques Lemenicier	Cornas "Père Laurier"	2022	France	Rhône	Cornas	$101.99
Jakob Schneider	Niederhauser Herrmannshöhle Riesling trocken Magnus	2023	Germany	Mosel		$35.99
Jean Dauvissat	Pere et Fils Chablis 1er Cru "Cote de Lechet"	2023	France	Burgundy	Chablis	$53.99
Jean Dauvissat	Pere et Fils Chablis	2023	France	Burgundy	Chablis	$35.99
Jean Dauvissat	Pere et Fils Chablis 1er Cru "Fourchame"	2023	France	Burgundy	Chablis	$57.99
Jean Dauvissat	Pere et Fils Chablis 1er Cru "Vaillons"	2023	France	Burgundy	Chablis	$53.99
Jean Dauvissat	Père et Fils Chablis 'Les Tierces'	2023	France	Burgundy	Chablis	$39.99
Jean Dauvissat	Pere et Fils Chablis 1er Cru "Montmains"	2023	France	Burgundy	Chablis	$53.99
Jean Dauvissat Pere & Fils	Chablis	2022	France	Burgundy	Chablis	$28.99
Jean Dauvissat Père & Fils	Dauvissat Pere & Fils Chablis "Mont-Main Sourdelle"	2023	France	Burgundy	Chablis	$37.99
Jean Dauvissat Père & Fils	Chablis "Terroirs de Milly"	2023	France	Burgundy	Chablis	$37.99
Jean Dauvissat Pere & Fils	Chablis	2023	France	Burgundy	Chablis	$29.99
Jean Dauvissat Pere & Fils	Chablis Bas de Fourchaume	2023	France	Burgundy	Chablis	$30.99
Jean Dauvissat Pere & Fils	Chablis Mont-Mains Sourdelle	2023	France	Burgundy	Chablis	$34.99
Jean Foillard	Morgon Classique	2021	France	Beaujolais		$24.99
Jean Michel Stephan	Cote Rotie Coteaux du Bassenon	2020	France	Rhône	Côte-Rôtie	$155.00
Jean Michel Stephan	Cote Rotie Coteaux du Bassenon	2020	France	Rhône	Côte-Rôtie	$146.00
Jean Michel Stephan	Cote Rotie Coteaux du Bassenon	2022	France	Rhône	Côte-Rôtie	$146.00
Jean Michel Stephan	Cote-Rotie Coteaux du Tupin	2022	France	Rhône	Côte-Rôtie	$146.00
JJ Girard	Pommard 1er Cru Les Chaponieres	2022	France	Burgundy	Pommard	$73.99
JJ Girard	Pernand Vergelesses 1er Cru Les Vergelesses	2022	France	Burgundy		$34.99
JJ Girard	Gevrey-Chambertin	2022	France	Burgundy	Gevrey-Chambertin	$52.99
JJ Girard	Volnay 1er Cru En Chevrets	2022	France	Burgundy	Volnay	$59.99
JJ Girard	Puligny Montrachet 1er Cru Les Referts	2022	France	Burgundy	Puligny-Montrachet	$120.00
JJ Girard	Meursault 1er Cru Les Charmes	2022	France	Burgundy	Meursault	$105.00
JJ Girard	Beaune 1er Cru Clos du Roi	2023	France	Burgundy	Beaune	$48.99
JJ Girard	SLB 1er Cru Les Peuillets	2023	France	Burgundy		$41.99
JJ Girard	Savigny Les Beaune Rouge	2023	France	Burgundy	Savigny-lès-Beaune	$31.99
JJ Girard	Beaune 1er Cru "Clos du Roi"	2023	France	Burgundy	Beaune	$51.99
JJ Girard	Pernand Vergelesses 1er Cru "Les Fichots"	2023	France	Burgundy		$43.99
JJ Girard	Savingy-Les-Beaune	2023	France	Burgundy	Beaune	$35.99
JJ Girard	Pommard 1er Cru "Les Chaponnières"	2023	France	Burgundy	Pommard	$86.99
JJ Girard	Chassagne-Montrachet 1er Cru Abbaye de Morgeot	2023	France	Burgundy	Chassagne-Montrachet	$99.99
JJ Girard	Volnay 1er Cru "En Chevret"	2023	France	Burgundy	Volnay	$89.99
JJ Girard	Pommard 1er Cru "Les Chaponnières"	2023	France	Burgundy	Pommard	$86.99
JJ Girard	Savingy-Les-Beaune 1er Cru "Les Peuillets"	2023	France	Burgundy	Beaune	$44.99
JJ Girard	Savingy-Les-Beaune 1er Cru "Les Peuillets"	2023	France	Burgundy	Beaune	$39.99
JJ Girard	Savigny-Les-Beaune 1er Cru "Narbangtons"	2023	France	Burgundy	Savigny-lès-Beaune	$47.99
JJ Girard	Savingy-Les-Beaune	2023	France	Burgundy	Beaune	$33.99
JJ Morel	Bourgogne Blanc	2018	France	Burgundy		$29.99
JJ Prum	Graacher Himmelreich Auslese	2022	Germany	Mosel		$62.99
JJ Prum	Wehlener Sonnenuhr Kabinett	2022	Germany	Mosel		$49.99
Josef Walter	Pinot 274	2020	Germany	Franken		$107.00
Josef Walter	Josef Walter Pinot 274	2020	Germany	Franken		$107.00
Josef Walter	Spätburgunder Centrgrafenberg "J" Hündsruck	2020	Germany	Franken		$68.99
Josef Walter	Josef Walter Spätburgunder Centgrafenberg "J" Hunsruck	2020	Germany	Franken		$68.99
Josef Walter	Spatburgunder Centgrafenberg "J"	2008	Germany	Franken		$47.99
Joseph Walter	Centgrafenberg Spätburgunder "J"	2011	Germany	Franken		$56.99
Julien Barge	Julien Barge Côte-Rôtie Cœur de Combard	2023	France	Rhône		$130.00
Julien Barge	Julien Barge Côte-Rôtie "Les Côtes"	2023	France	Rhône		$94.99
Julien Barge	Côte-Rôtie Cœur de Combard	2023	France	Rhône		$139.00
Julien Barge	Côte-Rôtie Cœur de Combard	2023	France	Rhône		$130.00
Julien Barge	Cote Rotie Couer de Combard	2023	France	Rhône	Côte-Rôtie	$125.00
Julien Barge	Cote Rotie Couer de Combard	2021	France	Rhône	Côte-Rôtie	$110.00
Julien Barge	Cote Rotie Le Combard	2016	France	Rhône	Côte-Rôtie	$103.00
Julien Barge	Cote Rotie Le Combard	2016	France	Rhône	Côte-Rôtie	$99.99
Julien Barge	Côte Rotie "Les Côtes"	2023	France	Rhône		$99.99
Julien Barge	Côte Rotie "Les Côtes"	2023	France	Rhône		$94.99
Julien Barge	Cote Rotie Les Cotes	2023	France	Rhône	Côte-Rôtie	$91.99
Julien Barge	Cote-Rotie "Les Côtes"	2021	France	Rhône	Côte-Rôtie	$81.99
Julien Barge	Cote Rotie Les Cotes	2022	France	Rhône	Côte-Rôtie	$78.99
Julien Barge	St. Joseph Blanc	2021	France	Rhône	Saint-Joseph	$43.99
Julien Barge	Côte-Rôtie "Coeur de Combard"	2015	France	Rhône	Côte-Rôtie	$134.99
Julien Barge	Côte-Rôtie "Coeur de Combard"	2016	France	Rhône	Côte-Rôtie	$134.99
Julien Barge	Côte-Rôtie "Coeur de Combard"	2017	France	Rhône	Côte-Rôtie	$134.99
Julien Barge	Côte-Rôtie "Coeur de Combard"	2018	France	Rhône	Côte-Rôtie	$134.99
Julien Barge	Côte-Rôtie "Coeur de Combard"	2019	France	Rhône	Côte-Rôtie	$134.99
Julien Cruchandeau	Ladoix 'Les Ranches'	2022	France	Burgundy	Ladoix	$45.99
Julien Cruchandeau	Hautes Cote de Nuits Rouge Les Cabottes	2022	France	Burgundy	Ladoix	$26.99
Julien Cruchandeau	Bouzeron Cuvee Massale VV	2023	France	Burgundy	Ladoix	$24.99
Julien Cruchandeau	Bouzeron Cuvee Massale VV	2023	France	Burgundy	Ladoix	$25.99
Julien Cruchandeau	St. Aubin 1er Cru Blanc LAmandier	2023	France	Burgundy	Ladoix	$52.99
Julien Cruchandeau	Hautes Cotes de Nuits Blanc VV	2023	France	Burgundy	Ladoix	$27.99
Julien Cruchandeau	Auxey Duresses 1er Cru Les Duresses Bas Duresses	2023	France	Burgundy	Ladoix	$55.99
Julien Cruchandeau	Hautes Cotes de Nuits Blanc VV	2023	France	Burgundy	Ladoix	$26.99
Julien Cruchandeau	Beaune Les Bons Feuvres	2023	France	Burgundy	Ladoix	$34.99
Julien Cruchandeau	Ladoix Les Ranches	2023	France	Burgundy	Ladoix	$34.99
Julien Cruchandeau	Beaune Les Bons Feuvres	2023	France	Burgundy	Ladoix	$35.99
Julien Cruchandeau	St. Aubin 1er Cru Blanc LAmandier	2023	France	Burgundy	Ladoix	$53.99
Julien Cruchandeau	Hautes Cote de Nuits Rouge Les Valencons	2023	France	Burgundy	Ladoix	$33.99
Julien Cruchandeau	Nuits St. Georges Aux St. Jacques VV	2023	France	Burgundy	Ladoix	$67.99
Julien Cruchandeau	Auxey Duresses 1er Cru Les Duresses Bas Duresses	2023	France	Burgundy	Ladoix	$54.99
Julien Cruchandeau	Bouzeron 'Cuvée Massale'	2024	France	Burgundy	Ladoix	$31.99
Julien Cruchandeau	Hautes-Côtes de Nuits Blanc Vieilles Vignes	2024	France	Burgundy	Ladoix	$36.99
Jurgen Von der Mark	Von der Mark Pinot Noir "Krieger des Lichts"	2023	Germany	Baden		$66.99
Jurgen Von der Mark	Von der Mark Pinot Noir "Krieger des Lichts"	2023	Germany	Baden		$64.99
Jurgen Von der Mark	Je Marche Seul Pinot Noir	2022	Germany	Baden		$54.99
Jurgen Von der Mark	Engertstein Pinot Noir	2023	Germany	Baden		$35.99
Jurgen Von der Mark	Engerstein Pinot Noir	2023	Germany	Baden		$32.99
Jurgen Von der Mark	Spatburgunder "Merdinger"	2023	Germany	Baden		$26.99
Jurgen von der Mark	Jurgen von der Mark Spatburgunder "Merdinger"	2023	Germany	Baden		$26.99
Jurgen Von der Mark	Spatburgunder Merdinger	2023	Germany	Baden		$24.99
Jurgen Von der Mark	Blanc de Noirs "Cuvee #001"	2020	France	Champagne		$36.99
Jurgen Von der Mark	Cuvee #001 Blanc de Noirs	2020	France	Champagne		$34.99
Jurgen Von der Mark	Cuvee #001 Blanc de Noirs	2020	France	Champagne		$33.99
Jurgen Von der Mark	Engerstein Pinot Noir	2022	Germany	Germany		$29.99
Jürgen von der Mark	Jürgen von der Mark Engertstein Pinot Noir	2023	Germany	Baden		$35.99
Juwel	Alsheim Spatburgunder	2021	Germany	Germany		$28.99
Juwel	Fruhmesse Riesling Trocken	2022	Germany	Rheinhessen		$32.99
Juwel	Alsheim Spatburgunder	2021	Germany	Rheinhessen		$31.99
Juwel	Alsheim Spatburgunder	2021	Germany	Rheinhessen		$28.99
K.H. Schneider	Felsenberg Trocken (GG)	2024	Germany	Nahe	Felsenberg	$39.99
K.H. Schneider	Königsfels Riesling GG	2023	Germany	Nahe		$37.99
K.H. Schneider	Felsenberg Riesling Trocken GG	2023	Germany	Nahe		$33.99
K.H. Schneider	Domberg	2016	Germany	Nahe		$32.99
K.H. Schneider	Marbach Rielsing	2016	Germany	Nahe		$31.99
K.H. Schneider	Marbach Rielsing	2022	Germany	Nahe		$31.99
K.H. Schneider	Domberg Riesling Spatlese	2023	Germany	Nahe		$26.99
K.H. Schneider	Marbach Riesling Spatlese	2023	Germany	Nahe		$26.99
K.H. Schneider	Marbach Riesling Spatlese	2022	Germany	Nahe		$22.99
K.H. Schneider	Marbach Riesling Spatlese (5211)	2021	Germany	Nahe		$21.99
Kuhling-Gillot	Olberg Grosses Gewachs	2021	Germany	Rheinhessen	Rheinhessen	$49.99
Kunstler	Erbacher Marcrobrunn GG	2021	Germany	Rheingau		$67.99
Kunstler	Kirchenstuck Riesling GG	2021	Germany	Rheingau		$57.99
Kunstler	Hocheimer Holle GG	2021	Germany	Rheingau		$49.99
La Chablisienne	Mont de Milieu Chablis 1er Cru	2020	France	Burgundy	Chablis	$39.99
La Psigula	Bramaterra Riserva "Vigna Torre"	2021	Italy	Piedmont		$73.99
La Psigula	Bramaterra	2021	Italy	Piedmont		$45.99
Lafarge Vial	Fleurie La Joie du Palais	2019	France	Beaujolais		$37.99
Lafarge Vial	Fleurie Clos Vernay	2019	France	Beaujolais		$37.99
Laible	Durbacher Plauerlain Klingelberger 1782 Riesling Spatlese Trocken	2023	Germany	Baden		$29.99
Laible	Muskateller Trocken	2022	Germany	Baden		$24.99
Laible Am	Buhl Riesling GG	2023	Germany	Baden		$48.99
Lauer	Riesling Brut Nature Prestige	2016	France	Champagne		$49.99
Lauer	Riesling Brut Grande Réserve	1984	Germany	Mosel		$185.00
Lauer	Schönfels GG Trocken N°11	2023	Germany	Mosel		$55.99
Lauer	Riesling Brut	2022	Germany	Mosel		$29.99
Laurent & Karen Boussey	Meursault 1er Cru "Les Caillerets"	2023	France	Burgundy	Meursault	$91.99
Laurent Boussey	Volnay AC	2021	France	Burgundy	Volnay	$44.99
Laurent Boussey	Volnay	2021	France	Burgundy	Volnay	$51.99
Laurent Boussey	Volnay	2021	France	Burgundy	Volnay	$47.99
Laurent Boussey	Monthelie 1er Cru Sur la Velle	2022	France	Burgundy	Monthelie	$37.99
Laurent Boussey	Volnay 1er Cru Taillepieds	2022	France	Burgundy	Volnay	$57.99
Laurent Boussey	Volnay AC	2022	France	Burgundy	Volnay	$37.99
Laurent Boussey	Monthelie 1er Cru Champs Fulliot	2022	France	Burgundy	Monthelie	$36.99
Laurent Boussey	Meursault VV	2022	France	Burgundy	Meursault	$47.99
Laurent Boussey	Bourgogne Blanc Cote dOr	2022	France	Burgundy		$28.99
Laurent Boussey	Monthelie Blanc	2022	France	Burgundy	Monthelie	$33.99
Laurent Boussey	Aloxe-Corton Les Valozieres	2022	France	Burgundy	Aloxe-Corton	$43.99
Laurent Boussey	Auxey Duresses Les Closeaux	2022	France	Burgundy	Auxey-Duresses	$36.99
Laurent Boussey	Auxey Duresses Les Closeaux	2022	France	Burgundy	Auxey-Duresses	$41.99
Laurent Boussey	Auxey Duresses Les Closeaux	2022	France	Burgundy	Auxey-Duresses	$39.99
Laurent Boussey	Monthelie Les Haut Brins	2023	France	Burgundy	Monthelie	$39.99
Laurent Boussey	Monthelie Les Toisieres	2023	France	Burgundy	Monthelie	$39.99
Laurent Boussey	Volnay 1er Cru "Taillipieds"	2023	France	Burgundy	Volnay	$74.99
Laurent Tribut	Chablis 1er Cru Beauroy	2022	France	Burgundy	Chablis	$57.99
Laurent Tribut	Chablis 1er Cru Cote de Lechet	2022	France	Burgundy	Chablis	$57.99
Laurent Tribut	Chablis 1er Cru "Beauroy"	2023	France	Burgundy	Chablis	$68.99
Laurent Tribut	Chablis 1er Cru "Côte de Léchet"	2023	France	Burgundy	Chablis	$68.99
Le Petit Chateau	Pinot Noir Selection	2022	Switzerland	Vully	Vully	$34.99
Le Petit Chateau	Pinot Noir Selection	2022	Switzerland	Vully	Vully	$36.99
Louis Sozet	Cornas	2016	France	Rhône	Cornas	$102.00
Louis Sozet	Cornas (4686)	2016	France	Rhône	Cornas	$99.99
Louis Sozet	Cornas	2016	France	Rhône	Cornas	$99.99
Louis Sozet	Cornas	2015	France	Rhône	Cornas	$97.99
Ludovic Courbis	Cornas (5223)	2020	France	Rhône	Cornas	$69.99
Ludovic Courbis	Cornas	2022	France	Rhône	Cornas	$69.99
Ludovic Courbis	Cornas (5223)	2020	France	Rhône	Cornas	$67.99
Ludovic Courbis	Cornas	2022	France	Rhône	Cornas	$67.99
Luna Beberide	Paixar "A Serra"	2023	Spain	Bierzo		$45.99
Luyton	Hermitage Rouge	2022	France	Rhône	Hermitage	$62.99
Luyton	Hermitage Rouge	2022	France	Rhône	Hermitage	$61.99
Lyle Fass Charalambos Lelektsoglou	VDF Cuvée Ariane	2018	France	Rhône		$28.99
Lyle Fass Charalambos Lelektsoglou	VDF Cuvée Ariane	2019	France	Rhône		$28.99
Lyle Fass/Charalambos	Lelektsoglou VDF "Cuvée Ariane - Vieilles Vignes"	2019	France	Rhône		$33.99
Maison Alexandrins	Hermitage Rouge (5068)	2020	France	Rhône	Hermitage	$89.99
Maison Alexandrins	Hermitage Rouge (GCP)	2021	France	Rhône	Hermitage	$69.99
Maison Alexandrins	Cornas (3451)	2018	France	Rhône	Cornas	$57.99
Maison Alexandrins	Hermitage Blanc (GCP)	2021	France	Rhône	Hermitage	$57.99
Maison Alexandrins	Hermitage Blanc	2022	France	Rhône	Hermitage	$57.99
Maison Alexandrins	Cornas	2021	France	Rhône	Cornas	$42.99
Maison Alexandrins	Cornas (GCP)	2021	France	Rhône	Cornas	$42.99
Maison Brisset	Bourgogne Pinot Noir (5167)	2020	France	Burgundy		$36.99
Maison Brisset	Bourgogne Cote d Or	2021	France	Burgundy		$38.99
Maison Brisset	Pommard 1er Cru	2021	France	Burgundy	Pommard	$92.99
Maison Brisset	Nuits St. Georges 1er Cru Aux Thorey	2021	France	Burgundy		$99.99
Maison Brisset	Bourgogne Cote d Or	2021	France	Burgundy		$39.99
Maison Brisset	Bourgogne Blanc Cuvee Cassaneas	2022	France	Burgundy		$39.99
Maison Brisset	St. Aubin 1er Cru Sous Roche Dumay	2022	France	Burgundy		$69.99
Maison Brisset	Bourgogne Rouge Cuvee Gabrius	2022	France	Burgundy		$39.99
Maison Brisset	Vosne Romanee 1er Cru Les Rouges du Dessus	2022	France	Burgundy	Vosne-Romanée	$158.00
Maison Brisset	Chambolle Musigny 1er Cru Les Noirots	2022	France	Burgundy	Chambolle-Musigny	$155.00
Maison Brisset	Bourgogne Rouge Cuvee Gabrius	2022	France	Burgundy		$38.99
Maison Brisset	Meursault Les Grands Charrons	2022	France	Burgundy	Meursault	$94.99
Maison Brisset	St. Aubin 1er Cru Sous Roche dur Gamay	2023	France	Burgundy		$74.99
Maison Brisset	Chassagne Montrachet 1er Cru Abbaye de Morgeot	2023	France	Burgundy	Chassagne-Montrachet	$130.00
Maison Brisset	Meursault Les Grands Charrons	2023	France	Burgundy	Meursault	$98.99
Maison Brisset	Bourgogne Blanc Cuvee Cassaneas	2023	France	Burgundy		$39.99
Maison Brisset	Chambolle Musigny 1er Cru Les Noirots	2023	France	Burgundy	Chambolle-Musigny	$168.00
Maison Brisset	Chambolle Musigny 1er Cru Les Cras	2023	France	Burgundy	Chambolle-Musigny	$144.00
Maison Brisset	Pommard 1er Cru	2023	France	Burgundy	Pommard	$99.99
Maison Brisset	Echezeaux	2023	France	Burgundy		$325.00
Maison Brisset	Vosne Romanee 1er Cru Les Rouges du Dessus	2023	France	Burgundy	Vosne-Romanée	$163.00
Maison Brisset	Bourgogne Rouge Cuvee Gabrius	2023	France	Burgundy		$39.99
Maison Stephan	Le Grand Blanc VDF	2022	France	Rhône		$39.99
Marc Hebrart	Special Club Brut	2021	France	Champagne		$76.99
Marc Jambon	Macon Pierrclos "La Fossile"	2023	France	Burgundy	Mâcon	$33.99
Marc Jambon	Macon Pierreclos 'La Fossile'	2023	France	Burgundy	Mâcon	$33.99
Marie Demets	Intransiegeance Extra Brut	2018	France	Champagne		$47.99
Marie Demets	Marie Demets Intransigeance Extra Brut	2019	France	Champagne		$59.99
Marie Demets	Les Fins Extra Brut	2019	France	Champagne		$74.99
Marie Demets	Intransiegeance Extra Brut	2019	France	Champagne		$57.99
Marie Demets	Marie Demets La Forêt Extra Brut	2019	France	Champagne		$87.99
Marie Demets	"Les Fins" Extra Brut (100% Chardonnay)	2019	France	Champagne		$76.99
Marie Demets	"La Foret" Extra Brut (100% Chardonnay)	2019	France	Champagne		$87.99
Marie Demets	Couer de Saignee	NV	France	Champagne		$39.99
Marie Demets	Blanc de Blancs Harmonie	NV	France	Champagne		$37.99
Marie Demets	Marie Demets Singularite Pinot Blanc Extra Brut	NV	France	Champagne		$46.99
Marie Demets	Cuvee 19m Siecle	NV	France	Champagne		$37.99
Marie Demets	Tradition Blanc de Noirs Extra Brut	NV	France	Champagne		$33.99
Marie Demets	Marie Demets Cœur de Saignée	NV	France	Champagne		$41.99
Markus Moitor	Graacher Himmelreich Auslese* Green Capsule	2022	Germany	Mosel		$51.99
Markus Molitor	Zeltinger Sonnenuhr Auslese*** White Capsule	2023	Germany	Mosel		$116.00
Markus Molitor	Zeltinger Sonnenuhr Auslese*** Gold Capsule	2023	Germany	Mosel		$116.00
Markus Molitor	Wehlener Sonnenuhr Auslese*** Gold Capsule	2022	Germany	Mosel		$97.99
Markus Molitor	Zeltinger Sonnenuhr Auslese *** (White Cap)	2020	Germany	Mosel		$94.99
Markus Molitor	Zelitnger Schlossberg Riesling Auslese*** Gold Cap	2021	Germany	Mosel		$89.99
Markus Molitor	Zeltinger Schlossberg Auslese*** White Capsule	2014	Germany	Mosel		$74.99
Markus Molitor	Zeltinger Sonnenuhr Auslese** White Cap	2023	Germany	Mosel		$71.99
Markus Molitor	Brauneberger Juffer-Sonnenuhr Auslese** White Capsule	2023	Germany	Mosel		$67.99
Markus Molitor	Zeltinger Himmelreich Auslese** (White Capsule)	2018	Germany	Mosel		$59.99
Markus Molitor	Zeltinger Sonnenuhr Auslese ** (White Cap)	2022	Germany	Mosel		$55.99
Markus Molitor	Brauneberger Juffer Sonnenuhr Riesling Auslese** (White Capsule)	2020	Germany	Mosel		$54.99
Markus Molitor	Zeltinger Sonnenuhr Auslese ** (White Cap)	2020	Germany	Mosel		$54.99
Markus Molitor	Wehlener Klosterberg Auslese*** (Yellow Capsule) Pinot Blanc	2020	Germany	Mosel		$50.99
Markus Molitor	Kinheimer Hubertuslay Auslese*** Gold Cap	2014	Germany	Mosel		$49.99
Markus Molitor	Wehlener Sonnenuhr Spätlese Gold Capsule	2022	Germany	Mosel		$41.99
Markus Molitor	Graacher Himmelreich Spätlese Green Capsule	2022	Germany	Mosel		$38.99
Markus Molitor	Bernkasteler Badstube Riesling Auslese * Green Capsule	2021	Germany	Mosel		$37.99
Markus Molitor	Zeltinger Sonnenuhr Riesling Kabinett Fuder 6 White Cap	2020	Germany	Mosel		$36.99
Markus Molitor	Zeltinger Sonnenuhr Riesling Kabinett Fuder 6 White Cap	2021	Germany	Mosel		$36.99
Markus Molitor	Wehlener Sonnenuhr Spatlese (White Capsule)	2020	Germany	Mosel		$35.99
Markus Molitor	Ürziger Würzgarten Spätlese White Capsule	2023	Germany	Mosel		$35.99
Markus Molitor	Graacher Domprobst Kabinett Trocken (White Capsule)	2022	Germany	Mosel		$33.99
Markus Molitor	Zeltinger Sonnenuhr Spatlse (Gold Kapsule)	2022	Germany	Mosel		$32.99
Markus Molitor	Zeltinger Sonnenuhr Spatlese (Gold Kapsule)	2022	Germany	Mosel		$32.99
Markus Molitor	Zeltinger Sonnenuhr Riesling Spatlese White Cap	2023	Germany	Mosel		$32.99
Markus Molitor	Graacher Domprobst Spatlese White Cap	2023	Germany	Mosel		$29.99
Markus Molitor	Zeltinger Himmelreich Kabinett Riesling (Green Capsule)	2024	Germany	Mosel	Zeltingen	$29.99
Markus Molitor	Bernkasteler Badstube Kabinett Riesling (Green Capsule)	2024	Germany	Mosel	Bernkastel	$29.99
Markus Molitor	Urziger Wurzgarten Spatlese Gold Capsule	2020	Germany	Mosel		$28.99
Markus Molitor	Zeltinger Sonnenuhr Riesling Kabinett Gold Cap	2022	Germany	Mosel		$28.99
Markus Molitor	Zeltinger Sonnenuhr Riesling Kabinett Gold Cap	2020	Germany	Mosel		$27.99
Markus Molitor	Wehlener Klosterberg Riesling Spätlese (Green Capsule)	2022	Germany	Mosel		$27.99
Markus Molitor	Zeltinger Himmelreich Kabinett Riesling (Green Capsule)	2024	Germany	Mosel	Zeltingen	$27.99
Markus Molitor	Bernkasteler Badstube Kabinett Riesling (Green Capsule)	2024	Germany	Mosel	Bernkastel	$27.99
Markus Molitor	Graacher Domprobst Kabinett White Capsule	2022	Germany	Mosel		$26.99
Martin Muellen	Trarbacher Huhnerberg Auslese Schmoll	2023	Germany	Mosel		$78.99
Martin Muellen	Krover Kirchlay Riesling Auslese	2009	Germany	Mosel		$73.99
Martin Muellen	Krover Steffensberg Spatlese Trocken	2014	Germany	Mosel		$55.99
Martin Muellen	Trarbacher Huhnerberg Spatlese Trocken** 1te, 2te, 3te	2023	Germany	Mosel		$55.99
Martin Muellen	Trarbacher Huhnerberg Spatlese Trocken**	2023	Germany	Mosel		$48.99
Martin Muellen	Trarbacher Huhnerberg Riesling Spatlese Trocken*	2023	Germany	Mosel		$44.99
Martin Muellen	Trarbacher Huhnerberg Auslese	2022	Germany	Mosel		$43.99
Martin Muellen	Krover Steffensberg Kabinett Trocken	2015	Germany	Mosel		$39.99
Martin Muellen	Krover Paradies Riesling Spatlese trocken *	2010	Germany	Mosel		$38.99
Martin Muellen	Trarbacher Ungsberg Spatburgunder	2022	Germany	Mosel		$38.99
Martin Muellen	Huhnerbeger Trocken	2021	Germany	Mosel		$33.99
Martin Muellen	Trarbacher Huhnerberg Kabinett Trocken	2021	Germany	Mosel		$31.99
Martin Muellen	Krover Letterlay Spatlese*** feinherb (3 star)	2019	Germany	Mosel		$28.99
Martin Muellen	Trarbacher Huhnerberg Kabinett Feinherb	2020	Germany	Mosel		$25.99
Martin Mullen	Trabener Wurzgarten Auslese Trocken	2023	Germany	Mosel		$89.99
Martin Mullen	Trarbacher Huhnerberg Auslese "Schmoll"	2023	Germany	Mosel		$81.99
Martin Mullen	Riesling Trocken "Revival"	2015	Germany	Mosel		$37.99
Martin Müllen	Martin Müllen Trabener Würzgarten Auslese Trocken	2023	Germany	Mosel		$89.99
Martin Müllen	Martin Müllen Trarbacher Hühnerberg Auslese "Schmoll"	2023	Germany	Mosel		$81.99
Martin Müllen	Trarbacher Hühnerberg Spatlese Trocken**	2023	Germany	Mosel		$51.99
Martin Müllen	Martin Müllen Trarbacher Hühnerberg Spätlese Trocken**	2023	Germany	Mosel		$51.99
Martin Müllen	Riesling Kröver Paradies Spätlese Trocken ** "Alte Reben"	2023	Germany	Mosel		$43.99
Martin Müllen	Kröver Paradies Spätlese Trocken Alte Reben	2023	Germany	Mosel		$43.99
Martin Müllen	Kröver Paradies Spätlese Trocken * "Fallay"	2023	Germany	Mosel		$29.99
Martin Müllen	Trarbacher Hühnerberg Kabinett Trocken*	2023	Germany	Mosel		$28.99
Martin Müllen	Martin Müllen Trarbacher Hühnerberg Kabinett Trocken*	2023	Germany	Mosel		$28.99
Martin Woods	Pinot Noir Hyland Vineyard	2017	USA	Willamette Valley		$57.99
Martin Woods	Pinot Noir Hyland Vineyard	2019	USA	Willamette Valley		$54.99
Martin Woods	Koosah Vineyard Chardonnay	2022	USA	Willamette Valley		$59.99
Martin Woods	Pinot Noir "Jessie James"	2022	USA	Willamette Valley		$65.99
Martin Woods	Pinot Noir Jessie James Vineyard	2022	USA	Willamette Valley		$61.99
Max Geitlinger	Wein Merlot	2022	Germany	Baden		$37.99
Max Geitlinger Wein	Maximal Muller Innen	2021	Germany	Baden		$28.99
Michel Naddef	Gevrey-Chambertin 1er Cru 'Champeaux'	2023	France	Burgundy	Gevrey-Chambertin	$282.00
Michel Rebourgeon	Beaune Les Epenottes	2022	France	Burgundy	Beaune	$39.99
Michel Rebourgeon	Volnay 1er Cru Carelle Sous La Chapelle	2022	France	Burgundy	Volnay	$54.99
Michel Rebourgeon	Pommard Trois Terroirs	2022	France	Burgundy	Pommard	$44.99
Michel Rebourgeon	Pommard Cuvee William	2022	France	Burgundy	Pommard	$46.99
Michel Rebourgeon	Beaune Les Epenottes	2022	France	Burgundy	Beaune	$41.99
Michel Rebourgeon	Beaune Blanc "En Lalunne"	2023	France	Burgundy	Beaune	$45.99
Michel Rebourgeon	Pommard "Les Perrières"	2023	France	Burgundy	Pommard	$66.99
Michel Rebourgeon	Beaune Blanc "En Lalunne"	2023	France	Burgundy	Beaune	$44.99
Michel Rebourgeon	Maranges 1er Cru 'Clos Roussots'	2023	France	Burgundy	Maranges	$45.99
Michel Rebourgeon	Maranges 1er cru "Clos Roussots"	2023	France	Burgundy	Maranges	$45.99
Michel Rebourgeon	Bourgogne Cote d'Or	2023	France	Burgundy		$33.99
Michel Rebourgeon	Pommard 1er Cru "Les Rugiens"	2023	France	Burgundy	Pommard	$94.99
Michel Rebourgeon	Pommard 1er Cru Les Charmots	2023	France	Burgundy	Pommard	$102.00
Michel Rebourgeon	Pommard 'Vaumuriens'	2023	France	Burgundy	Pommard	$77.99
Michel Rebourgeon	Santenay Vieilles Vignes	2023	France	Burgundy	Santenay	$39.99
Michel Rebourgeon	Santenay Vieilles Vignes	2023	France	Burgundy	Santenay	$41.99
Michel Rebourgeon	Pommard 1er Cru Les Charmots	2023	France	Burgundy	Pommard	$105.00
Michel Rebourgeon	Pommard 1er Cru "Les Rugiens"	2023	France	Burgundy	Pommard	$97.99
Michel Rebourgeon	Bourgogne Côte d'Or Pinot Noir	2023	France	Burgundy	Côte d'Or	$33.99
Michel Rebourgeon	Pommard 1er Cru "Les Arvelets"	2023	France	Burgundy	Pommard	$87.99
Michel Rebourgeon	Pommard "Les Noizons"	2023	France	Burgundy	Pommard	$73.99
Michel Rebourgeon	Bourgogne Côte d'Or Pinot Noir	2023	France	Burgundy	Côte d'Or
Michel Rebourgeon	Pommard "Les Noizons"	2023	France	Burgundy	Pommard
Michel Rebourgeon	Pommard 1er Cru "Les Arvelets"	2023	France	Burgundy	Pommard 1er Cru	$60.00
Michelle Luyton	Michelle Luyton Hermitage Rouge	2022	France	Rhône		$65.99
Michelle Luyton	Hermitage Rouge	2022	France	Rhône	Hermitage	$65.99
Mickael Bourg	Cornas "Les P'tits Bout"	2022	France	Rhône	Cornas	$71.99
Mickael Bourg	Cornas "Les p'tits bout"	2023	France	Rhône	Cornas	$69.99
Mickael Bourg	Cornas "Les p'tits bout"	2023	France	Rhône	Cornas	$66.99
Mickael Bourg	VDF "La Démarcante"	2023	France	Rhône		$41.99
Mickael Bourg	VDF "La Démarcante"	2023	France	Rhône		$39.99
Mikael Bourg	Cornas Les ptits bout	2023	France	Rhône	Cornas	$66.99
Mikael Bourg	Cornas Les ptits bout	2022	France	Rhône	Cornas	$57.99
Mikael Bourg	St. Peray	2022	France	Rhône		$45.99
Mikael Bourg	St. Peray	2021	France	Rhône		$44.99
Mikael Bourg	VDF Le Demarcante	2023	France	Rhône		$36.99
Mohr-Niggli	Pinot Noir Mainefeld Pilgrim	2021	Switzerland	Graubunden		$56.99
Mohr-Niggli	Graf Pinot Noir	2022	Switzerland	Graubunden		$57.99
Mohr-Niggli	Pinot Noir "Graf" Baselland-Schaft	2023	Switzerland	Graubunden		$73.99
Mohr-Niggli	Pinot Noir Graubunden	2023	Switzerland	Graubunden		$38.99
Mohr-Niggli	Pinot Noir Mainefeld Pilgrim	2023	Switzerland	Graubunden		$60.99
Mohr-Niggli	Pinot Noir Mainefeld Pilgrim	2021	Switzerland	Switzerland		$56.99
Mohr-Niggli	Pinot Noir Graubunden	2022	Switzerland	Switzerland		$37.99
Mohr-Niggli	Graf Pinot Noir	2022	Switzerland	Switzerland		$57.99
Motalli Renato	Le Urscele	2018	Italy	Italy		$38.99
Motalli Renato	"Le Urscele" Valtellina Superiore Riserva	2018	Italy	Lombardy		$49.99
Motalli Renato	"Le Urscele" Valtellina Superiore Riserva	2018	Italy	Lombardy		$47.99
Motalli Renato	Le Urscele (4752)	2016	Italy	Lombardy		$39.99
Motalli Renato	Valgella Valtellina Superiore	2018	Italy	Lombardy		$38.99
Motalli Renato	Le Urscele	2018	Italy	Lombardy		$38.99
Motalli Renato	Rosato	2020	Italy	Lombardy		$31.99
Motalli Renato	Rosato (4754)	2018	Italy	Lombardy		$29.99
Motalli Renato	Chiavennasca (Nebbiolo) Rosato	2020	Italy	Piedmont		$40.99
Motalli Renato	Chiavennasca (Nebbiolo) Rosato	2020	Italy	Piedmont		$38.99
Nicolas Champagneaux	Cote Rotie Les Grands Palaces	2021	France	Rhône	Côte-Rôtie	$110.00
Nicolas Champagneaux	Cote Rotie La Dedicace	2020	France	Rhône	Côte-Rôtie	$68.99
Nicolas Champagneaux	Cote Rotie La Dedicace	2021	France	Rhône	Côte-Rôtie	$67.99
Okonomeriat Rebholz	Kastianienbusch GG	2022	Germany	Pfalz		$84.99
Palazzo Schiavino	Barolo Monvigliero	2020	Italy	Piedmont		$49.99
Patrick Adank	Chardonnay "Am Berg"	2023	Switzerland	Graubunden		$192.00
Patrick Adank	Pinot Noir Herrenacker	2023	Switzerland	Graubunden		$192.00
Patrick Adank	Pinot Blanc Graubunden	2024	Switzerland	Graubunden		$66.99
Patrick Adank	Pinot Blanc Graubunden	2024	Switzerland	Graubunden		$64.99
Patrick Jasmin	Patrick Jasmin Côte-Rôtie "Giroflarie"	2022	France	Rhône		$65.99
Patrick Jasmin	Cote Rotie Olea	2020	France	Rhône	Côte-Rôtie	$79.99
Patrick Jasmin	Cote-Rotie "Giroflarie"	2022	France	Rhône	Côte-Rôtie	$65.99
Patrick Jasmin	Cote Rotie La Giroflaire	2022	France	Rhône	Côte-Rôtie	$62.99
Patrick Jasmin	Cote Rotie La Giroflaire	2022	France	Rhône	Côte-Rôtie	$61.99
Paul Drappier	Brut Charles de Gaulle (II)	NV	France	Champagne		$57.99
Paul Weltner	Scheurebe Trocken	2024	Germany	Franconia	Rödelsee	$27.99
Paul Weltner	Hoheleite Riesling Grosses Gewachs	2023	Germany	Franken		$63.99
Paul Weltner	Rödelseer Küchenmeister Riesling Erste Lage	2013	Germany	Franken		$39.99
Paul Weltner	Rodelsee Schwainlate Sylvaner Alte Reben	2023	Germany	Franken		$33.99
Paul Weltner	Rödelsee Küchenmeister Sylvaner Trocken Erste Lage	2023	Germany	Franken		$33.99
Paul Weltner	Paul Weltner Rödelsee Küchenmeister Sylvaner Trocken Erste Lage	2023	Germany	Franken		$33.99
Paul Weltner	Paul Weltner Rödelsee Schwanleite Sylvaner Alte Reben	2023	Germany	Franken		$33.99
Paul Weltner	Scheurebe Trocken	2024	Germany	Franken	Rödelsee	$24.99
Perseval Farge	Cuvee La Pucelle Brut Nature 1er Cru	NV	France	Champagne		$115.00
Perseval Farge	Jean Baptiste Brut 1er Cru	NV	France	Champagne		$122.00
Perseval-Farge	Cuvee Jean Baptiste Chamery 1er Cru Brut (4121)	NV	France	Champagne		$97.99
Perseval-Farge	Coteaux Champenois Blanc	NV	France	Champagne		$125.00
Perseval-Farge	Les Goulats Brut Nature	NV	France	Champagne		$99.99
Petra	Potenti Toscana IGT	2020	Italy	Italy		$34.99
Petra	Potenti Toscana IGT	2020	Italy	Tuscany		$34.99
Philippe Naddef	Gevrey-Chambertin VV	2022	France	Burgundy	Gevrey-Chambertin	$69.99
Philippe Naddef	Marsannay "Genelieres"	2023	France	Burgundy		$41.99
Philippe Nadeff	Gevrey-Chambertin VV	2023	France	Burgundy	Gevrey-Chambertin	$81.99
Phillippe Naddef	Fixin Blanc	2023	France	Burgundy		$41.99
Pier Paolo Grasso	Barbaresco Piccola Emma	1998	Italy	Italy		$82.99
Pier Paolo Grasso	Barbaresco Piccola Emma	1998	Italy	Piedmont		$84.99
Pier Paolo Grasso	Barbaresco Piccola Emma	1998	Italy	Piedmont		$82.99
Pierre Briseet	Vosne-Romanee 1er Cru "Les Rouges Dessus"	2023	France	Burgundy	Vosne-Romanée	$170.00
Pierre Briseet	Vosne-Romanee 1er Cru "Les Rouges Dessus"	2023	France	Burgundy	Vosne-Romanée	$166.00
Pierre Brisset	Pommard 1er Cru	2021	France	Burgundy	Pommard	$113.00
Pierre Brisset	Nuits St. Georges 1er Cru "Aux Thorey"	2021	France	Burgundy		$105.00
Pierre Brisset	Vosne-Romanée 1er Cru	2022	France	Burgundy	Vosne-Romanée	$190.00
Pierre Brisset	Saint-Aubin 1er cru "Sur Roche du Gamay"	2022	France	Burgundy		$86.99
Pierre Brisset	Nuits-Saint-Georges Premier Cru "Aux Thorey"	2023	France	Burgundy	Nuits-Saint-Georges	$84.99
Pierre Brisset	Pommard 1er Cru	2023	France	Burgundy	Pommard	$107.00
Pierre Brisset	Pommard 1er Cru (Les Charmots & Argillieres)	2023	France	Burgundy	Pommard	$105.00
Pierre Brisset	Nuits St. Georges 1er Cru "Aux Thorey"	2023	France	Burgundy		$1.99
Pierre Brisset	St. Aubin 1er Cru "Sur Roche Du Gamay"	2023	France	Burgundy		$71.99
Pierre Brisset	Meursault "Les Grands Charrons"	2023	France	Burgundy	Meursault	$110.00
Pierre Brisset	St. Aubin 1er Cru "Sur Roche Du Gamay"	2023	France	Burgundy		$84.99
Pierre Brisset	Meursault "Les Grands Charrons"	2023	France	Burgundy	Meursault	$102.00
Pierre Brisset	Chassagne-Montrachet 1er Cru "Abbaye de Morgeot"	2023	France	Burgundy	Chassagne-Montrachet	$110.00
Pierre Brisset	Echezeaux Grand Cru	2023	France	Burgundy		$325.00
Pierre Brisset	Chassagne-Montrachet 1er Cru "Abbaye de Morgeot"	2023	France	Burgundy	Chassagne-Montrachet	$125.00
Pierre Brisset	Chassagne-Montrachet 1er Cru "Abbaye de Morgeot"	2023	France	Burgundy	Chassagne-Montrachet	$135.00
Pierre Brisset	Bourgogne Blanc "Cuvee Cassaneas"	2023	France	Burgundy		$46.99
Pierre Brisset	Chambolle-Musigny 1er Cru "Les Noirots"	2023	France	Burgundy	Chambolle-Musigny	$172.00
Pierre Brisset	Chambolle Premier Cru Musigny 1er Les Cras	2023	France	Burgundy	Chambolle-Musigny	$147.00
Pierre Brisset	Bourgogne Rouge Cuvee Gabrius	2023	France	Burgundy		$43.99
Pierre Brisset	Bourgogne Rouge Cuvee Gabrius	2023	France	Burgundy		$46.99
Pierre Brisset	Bourgogne Blanc "Cuvee Cassaneas"	2023	France	Burgundy		$41.99
Pierre Brisset	Meursault "Les Grands Charrons"	2023	France	Burgundy	Meursault	$102.00
Pierre Brisset	Pierre Brisset Nuits-St-Georges 1er Cru "Aux Thorey"	2023	France	Burgundy		$94.99
Pierre Brisset	Chambolle-Musigny 1er Cru "Les Noirots"	2023	France	Burgundy	Chambolle-Musigny	$172.00
Pierre Brisset	Pierre Brisset Vosne-Romanée 1er Cru "Les Rouges Dessus"	2023	France	Burgundy	Vosne-Romanée	$166.00
Pierre Callot	Blanc de Blancs Vignes Anciennes Grand Cru Avize Avats Brut	2014	France	Champagne		$46.99
Pierre Callot	Blanc de Blancs Vignes Anciennes Grand Cru Avize Avats Brut	2014	France	Champagne		$45.99
Pierre Gimmonet	Blanc de Blancs Extra Brut Special Club - Grands Terroirs de Chardonnay	2015	France	Champagne		$74.99
Pierre Gonon	St. Joseph Rouge	2023	France	Rhône	Saint-Joseph	$140.00
Pierre Gonon	St. Joseph Blanc "Les Olivieres"	2023	France	Rhône	Saint-Joseph	$140.00
Pierre Moncuit	Blanc de Blancs Grand Cru Extra Brut Les Grands Blancs	NV	France	Champagne		$52.99
Pircher	Pinot Noir	2022	Switzerland	Switzerland		$37.99
Pircher	Pinot Noir Stadtberg (4-pack)	2022	Italy	Trentino-Alto Adige		$199.96
Pircher	Pinot Noir Statdberg	2022	Italy	Trentino-Alto Adige		$48.99
Pircher	Gewürztraminer Eglisau	2024	Italy	Trentino-Alto Adige		$45.99
Pircher	Pinot Noir	2022	Italy	Trentino-Alto Adige		$37.99
Pircher	Gewurztraminer	2023	Italy	Trentino-Alto Adige		$35.99
Podere Ai	Valloni Boca "Vigna Cristiana"	2020	Italy	Piedmont		$61.99
Podere Ai	Valloni Colline Novaresi "Sass Russ"	2023	Italy	Piedmont		$31.99
Podere ai Valloni	Boca Vigna Cristiana (4545)	2010	Italy	Piedmont		$49.99
Prinz Jungfer	GG Riesling	2023	Germany	Rheingau		$53.99
Prinz Schönhell	GG Riesling	2023	Germany	Rheingau		$47.99
Quazzolo	Barbaresco Ovello	2020	Italy	Italy		$45.99
Quazzolo	Barbaresco	2020	Italy	Italy		$37.99
Quazzolo	Barbaresco Ovello	2020	Italy	Piedmont		$45.99
Quazzolo	Barbaresco	2020	Italy	Piedmont		$37.99
Raphael Chopin	Regnie Les Braves	2019	France	Beaujolais		$34.99
Rattalino	Barbaresco Riserva Sel. 45	2016	Italy	Italy		$57.99
Rattalino	Barolo Selection 34	2013	Italy	Italy		$42.99
Rattalino	Barolo Selection 35 Bussia	2014	Italy	Italy		$40.99
Rattalino	Barbaresco Riserva Sel. 45	2016	Italy	Piedmont		$57.99
Remi Poisot	Pernand Vergelleses 1er Cru En Carradeaux	2021	France	Burgundy		$55.99
Remi Poisot	Pernand Vergelesses Blanc	2022	France	Burgundy		$39.99
Remi Poisot	Grand Cru Corton Bressandes	2022	France	Burgundy	Aloxe-Corton	$99.99
Remi Poisot	Pernand Vergelleses 1er Cru En Carradeaux	2022	France	Burgundy		$53.99
Remi Poisot	Grand Cru Romanee St. Vivant	2022	France	Burgundy	Vosne-Romanée	$440.00
Remi Poisot	Grand Cru Corton Charlemagne	2023	France	Burgundy	Aloxe-Corton	$173.00
Remi Poisot	Romanee St. Vivant Grand Cru	2023	France	Burgundy	Vosne-Romanée	$600.00
Remi Poisot	Grand Cru Romanee St. Vivant	2023	France	Burgundy	Vosne-Romanée	$470.00
Remi Poisot	Aloxe-Corton 1er Cru	2023	France	Burgundy	Aloxe-Corton	$64.99
Remi Poisot	Romanee St. Vivant Grand Cru	2023	France	Burgundy	Vosne-Romanée	$475.00
Remi Poisot	Corton Charlemagne Grand Cru	2023	France	Burgundy	Aloxe-Corton	$177.00
Remi Poisot	Corton Charlemagne Grand Cru	2023	France	Burgundy	Aloxe-Corton	$222.00
Remy Nodin	Cornas Les Eygats	2022	France	Rhône	Cornas	$38.99
Richard Oestreicher	Cabernet Sauvignon "R"	2017	Germany	Franken		$46.99
Richard Oestreicher	Richard Oestreicher Cabernet Sauvignon "R"	2017	Germany	Franken		$46.99
Richard Ostreicher	Chardonnay Rossbach	2022	Germany	Franken		$82.99
Richard Ostreicher	Chardonnay Rossbach	2022	Germany	Franken		$71.99
Richard Ostreicher	Richard Ostreicher Chardonnay Rossbach	2022	Germany	Franken		$71.99
Richard Ostreicher	Chardonnay Rossbach	2022	Germany	Franken		$68.99
Richard Ostreicher	Chardonnay Rossbach	2021	Germany	Franken		$67.99
Richard Ostreicher	Spatburgunder Rosen	2022	Germany	Franken		$56.99
Richard Ostreicher	Cabernet Sauvignon "R"	2017	Germany	Franken		$53.99
Richard Ostreicher	Silvaner "Maria im Wein"	2023	Germany	Franken		$51.99
Richard Ostreicher	Spatburgunder Hallburg	2023	Germany	Franken		$44.99
Richard Ostreicher	Cabernet Sauvignon R	2017	Germany	Franken		$43.99
Richard Ostreicher	Silvaner Augustbaum	2022	Germany	Franken		$43.99
Richard Ostreicher	Silvaner Maria Im Wein	2023	Germany	Franken		$43.99
Richard Ostreicher	Merlot	2017	Germany	Franken		$42.99
Richard Ostreicher	Merlot	2017	Germany	Franken		$41.99
Richard Ostreicher	R (Cab S Cab F Merlot)	2019	Germany	Franken		$41.99
Richard Ostreicher	Silvaner "Sur Lie"	2023	Germany	Franken		$36.99
Richard Ostreicher	Merlot	2017	Germany	Germany		$41.99
Richard Ostreicher	R (Cab S Cab F Merlot)	2019	Germany	Germany		$41.99
Richard Östreicher	Pinot Noir "Katzenkopf"	2023	Germany	Franconia	Sommerach	$75.99
Richard Östreicher	Spätburgunder Scheiter	2023	Germany	Franken		$177.00
Richard Östreicher	Pinot Noir "Katzenkopf"	2023	Germany	Franken	Sommerach Katzenkopf	$75.99
Rocche dei Barbari	Barbaresco 'Alvio Riserva'	2016	Italy	Piedmont		$89.99
Rocche dei Barbari	Primanebbia	2019	Italy	Piedmont		$49.99
Rocche Di Barbari	Alivio Barbaresco Riserva	2016	Italy	Italy		$67.99
Rocche Di Barbari	Primanebbia Langhe Nebbiolo	2019	Italy	Italy		$39.99
Rocche Di Barbari	Alivio Barbaresco Riserva	2016	Italy	Piedmont		$76.99
Rocche Di Barbari	Alivio Barbaresco Riserva	2016	Italy	Piedmont		$67.99
Rocche Di Barbari	Primanebbia Langhe Nebbiolo	2019	Italy	Piedmont		$39.99
Rochhe de Barbari	"Primanebbia"	2019	Italy	Piedmont		$41.99
SARL Garaudet	Pere et Fils Bourgogne Chardonnay	2023	France	Burgundy		$41.99
SARL Garaudet Pere & Fils	Meursault "Limozin"	2023	France	Burgundy	Meursault	$84.99
SARL Garaudet Pere & Fils	Bourgogne Aligoté Vieilles Vignes	2023	France	Burgundy		$36.99
Sarl Garaudet Pere et Fils	Volnay Vieilles Vignes	2021	France	Burgundy	Volnay	$54.99
Sarl Garaudet Pere et Fils	Monthelie 1er Cru Les Champs Fulliot	2021	France	Burgundy	Monthelie	$47.99
Sarl Garaudet Pere et Fils	Pommard Vieilles Vignes	2021	France	Burgundy	Pommard	$54.99
Sarl Garaudet Pere et Fils	Monthelie 1er Cru Les Riottes	2021	France	Burgundy	Monthelie	$47.99
Sarl Garaudet Pere et Fils	Meursault Vieilles Vignes	2022	France	Burgundy	Meursault	$64.99
Sarl Garaudet Pere et Fils	Monthelie 1er Cru Les Riottes	2022	France	Burgundy	Monthelie	$49.99
Sarl Garaudet Pere et Fils	Volnay Vieilles Vignes	2022	France	Burgundy	Volnay	$53.99
Sarl Garaudet Pere et Fils	Bourgogne Chardonnay	2022	France	Burgundy		$34.99
Schloss Johannisberg	Rosalack Auslese	2023	Germany	Rheingau		$77.99
Schloss Johannisberg	Grunlack Spatlese	2022	Germany	Rheingau		$47.99
Sebastien Dampt	Maison Dampt Chablis Grand Cru Bougros	2022	France	Burgundy	Chablis	$61.99
Sebastien Dampt	Chablis 1er Cru Les Beugnons	2023	France	Burgundy	Chablis	$36.99
Sebastien Dampt	Chablis	2023	France	Burgundy	Chablis	$22.99
Sebastien Dampt	Chablis 1er Cru Cote de Lechet	2023	France	Burgundy	Chablis	$32.99
Sebastien Dampt	Chablis 1er Cru Vaillons	2023	France	Burgundy	Chablis	$34.99
Sebastien Dampt	Chablis 1er Cru 'Vaillons'	2024	France	Burgundy	Chablis	$41.99
Sebastien Dampt	Sebastien Dampt Chablis 1er Cru "Les Beugnons"	2024	France	Burgundy	Chablis	$38.99
Sébastien Dampt	1er Cru Côte de Léchet	2023	France	Burgundy	Chablis	$41.99
Sébastien Dampt	Chablis 1er Cru Les Beugnons	2024	France	Burgundy	Chablis	$38.99
Sébastien Dampt	Chablis 1er Cru "Vaillons"	2024	France	Burgundy	Chablis	$41.99
Sekthaus Raumland	Triumvirat XV Grande Cuvée Brut	2015	Germany	Rheinhessen		$86.99
Sekthaus Raumland	Sekt Pinot Noir Grande Réserve Brut	2012	Germany	Rheinhessen		$85.99
Sekthaus Raumland	Sekt XV.Triumvirat Grande Cuvee Brut	2015	Germany	Rheinhessen		$65.99
Sekthaus Raumland	Chardonnay Reserve Brut	2015	Germany	Rheinhessen		$49.99
Sekthaus Raumland	Sekt Methode Traditionnelle Cuvee Marie-Luise Brut	2019	Germany	Rheinhessen		$34.99
Selbach-Oster	Zeltinger Sonnenuhr GG	2023	Germany	Mosel		$38.99
Selbach-Oster	Zeltinger Himmelreich Riesling Anrecht	2023	Germany	Mosel		$38.99
Selbach-Oster	Zeltinger Sonnenuhr GG	2023	Germany	Mosel		$37.99
Selbach-Oster	Zeltinger Sonnenuhr Riesling Spatlese Feinherb Ur Alte Reben	2023	Germany	Mosel		$37.99
Sergio Barbaglia	Boca	2019	Italy	Italy		$41.99
Sergio Barbaglia	Colline Novaresi Croatina	2021	Italy	Italy		$22.99
Sergio Barbaglia	Curticella Brut Rose 96 Months	NV	Italy	Piedmont		$47.99
Sergio Barbaglia	Boca	2019	Italy	Piedmont		$41.99
Sergio Barbaglia	Curticella Dosaggio Zero 48 Months	NV	Italy	Piedmont		$41.99
Sergio Barbaglia	Colline Novaresi Croatina	2021	Italy	Piedmont		$22.99
Spater Veit	Pinot Noir "Privat"	2020	Germany	Mosel		$74.99
Spater Veit	Pinot Noir "Privat"	2020	Germany	Mosel		$66.99
Spater Veit	Pinot Noir Reserve	2015	Germany	Mosel		$37.99
Spater-Veit	Pinot Noir Privat	2020	Germany	Germany		$57.99
Spater-Veit	Pinot Noir Privat	2020	Germany	Mosel		$57.99
Spater-Veit	Piesporter Domherr Auslese	2005	Germany	Mosel		$34.99
Spater-Veit	Piesporter Goldtropfchen Spatlese Krank	2012	Germany	Mosel		$27.99
Spater-Veit	Piesporter Goldtropfchen Kabinett Armes	2023	Germany	Mosel		$25.99
Später-Veit	Piesporter Goldtröpfchen Auslese	2018	Germany	Mosel		$44.99
Später-Veit	Pinot Noir Reserve	2015	Germany	Mosel		$37.99
Später-Veit	Piesporter Goldtröpfchen Kabinett "Armes"	2023	Germany	Mosel		$28.99
Spreccher Von Bernegg	Pinot Noir Lindenwingert	2023	Switzerland	Eastern Switzerland	Graubünden	$45.99
Spreccher Von Bernegg	Pinot Noir Von Pfaffen/Calander	2023	Switzerland	Eastern Switzerland	Graubünden	$63.99
Sprecher von	Bernegg Pinot Noir "Lindenwingert"	2024	Switzerland	Graubunden		$51.99
Sprecher Von Bernegg	Completer	2022	Switzerland	Graubunden		$57.99
Sprecher Von Bernegg	Pinot Noir Von Pfaffen/Calendar	2023	Switzerland	Graubunden		$59.99
Sven Enderle	Pinot Noir "Kalk"	2022	Germany	Baden		$61.99
Sven Enderle	Pinot Noir Kalk	2022	Germany	Baden		$57.99
Sven Enderle	Pinot Noir 'Buntsandstein'	2023	Germany	Baden		$57.99
Sven Enderle	Blanc de Noirs	0	Germany	Baden		$55.99
Sven Enderle	Sven Enderle Pinot Noir "Vom Keuper"	2022	Germany	Baden		$51.99
Sven Enderle	Pinot Noir "Vom Keuper"	2022	Germany	Baden		$51.99
Sven Enderle	Pinot Noir Vom Keuper	2022	Germany	Baden		$49.99
Sven Enderle	Pinot Noir Vom Keuper	2022	Germany	Baden		$48.99
Sven Enderle	Chardonnay 'Buntsandstein'	2023	Germany	Baden		$37.99
Sven Enderle	Lemberger	2023	Germany	Baden		$37.99
Sven Enderle	Pinot Noir	2022	Germany	Baden		$33.99
Sven Enderle	Pinot Noir	2022	Germany	Baden		$29.99
Sven Enderle	Müller-Thurgau	2022	Germany	Baden		$26.99
Sven Enderle	Muller Thurgau	2022	Germany	Baden		$23.99
Sven Enderle	Pinot Noir / Pinot Gris Rose Alea	NV	Germany	Baden		$23.99
Sven Enderle	Pinot Noir Kalk	2022	Germany	Germany		$57.99
Sven Enderle	Pinot Noir Vom Keuper	2022	Germany	Germany		$49.99
Sven Enderle	Pinot Noir	2022	Germany	Germany		$29.99
Sven Klundt	Pinot Noir Kastanienbusch	2021	Germany	Germany		$29.99
Sven Klundt	Kastanienbusch Pinot Noir	2022	Germany	Pfalz		$36.99
Sven Klundt	Kastanienbusch Riesling "GG"	2023	Germany	Pfalz		$35.99
Sven Klundt	Kastanienbusch Riesling GG	2023	Germany	Pfalz		$35.99
Sven Klundt	Pinot Noir Kastanienbusch	2021	Germany	Pfalz		$29.99
Tenuta Col Falco	Sagrantino di Montefalco	2019	Italy	Tuscany		$31.99
Tenuta col Falco	Sagrantino di Montefalco	2019	Italy	Tuscany		$29.99
Tenuta Col Falco	Montefalco Rosso	2019	Italy	Tuscany		$21.99
Tenuta col Falco	Montefalco Rosso	2019	Italy	Tuscany		$19.99
Tenuta Col Falco	Sagrantino di Rosso Passito {500 ml}	2019	Italy	Umbria		$31.99
Tenuta Monolo Gilodi	Bramaterra Riserva	1989	Italy	Italy		$24.99
Tenuta Monolo Gilodi	Bramaterra Riserva	1990	Italy	Italy		$24.99
Tenuta Monolo Gilodi	Bramaterra Riserva	2003	Italy	Italy		$24.99
Tenuta Monolo Gilodi	Bramaterra Riserva	1989	Italy	Piedmont		$24.99
Tenuta Monolo Gilodi	Bramaterra Riserva	1990	Italy	Piedmont		$24.99
Thorle	Blanc de Blancs Brut	2021	France	Champagne		$29.99
Thorle	Blanc de Blancs Brut	2021	France	Champagne		$30.99
Thorle	Holle Spatburgunder Trocken	2022	Germany	Germany		$79.99
Thorle	Holle Spatburgunder Trocken	2021	Germany	Germany		$71.99
Thorle	Saulheim Spatburgunder Kalkstein	2021	Germany	Germany		$29.99
Thorle	Saulheim Spatburgunder Kalkstein	2022	Germany	Germany		$29.99
Thorle	Spatburgunder Vom Kalk	2022	Germany	Germany		$22.99
Thorle	Holle Spatburgunder Trocken	2022	Germany	Rheinhessen		$79.99
Thorle	Probstey Spatburgunder	2022	Germany	Rheinhessen		$69.99
Thorle	Holle Riesling Trocken	2023	Germany	Rheinhessen		$54.99
Thorle	Saulheim Probstey Riesling Trocken	2022	Germany	Rheinhessen		$52.99
Thorle	Holle Riesling Trocken	2023	Germany	Rheinhessen		$47.99
Thorle	Silvaner Probstey Trocken	2023	Germany	Rheinhessen		$44.99
Thorle	Schlossberg Riesling	2023	Germany	Rheinhessen		$44.99
Thorle	Silvaner Probstey Trocken	2023	Germany	Rheinhessen		$39.99
Thorle	Reserve Chardonnay	2023	Germany	Rheinhessen		$37.99
Thorle	Saulheim Spatburgunder Kalkstein	2022	Germany	Rheinhessen		$34.99
Thorle	Chardonnay Sekt	2020	Germany	Rheinhessen		$30.99
Thorle	Saulheim Spatburgunder Kalkstein	2021	Germany	Rheinhessen		$29.99
Thorle	Kalk/Kriede Premier Cru Trocken	2023	Germany	Rheinhessen		$24.99
Thorle	Spatburgunder Vom Kalk	2022	Germany	Rheinhessen		$22.99
Thörle	Hölle Pinot Noir "GG"	2023	Germany	Rheinhessen		$96.99
Thörle	Probstey Spätburgunder GG	2023	Germany	Rheinhessen		$77.99
Thörle	Probstey Silvaner GG	2023	Germany	Rheinhessen		$49.99
Thorle Blanc de Blancs		2021	Germany	Rheinhessen		$32.99
Thörle Blanc de Blancs Brut		2021	Germany	Rheinhessen		$36.99
Thorle Holle	Pinot Noir "GG"	2023	Germany	Rheinhessen		$96.99
Thorle Holle	Pinot "GG"	2022	Germany	Rheinhessen		$89.99
Thorle Holle	Riesling "GG"	2023	Germany	Rheinhessen		$57.99
Thorle Probstey	Spatburgunder	2022	Germany	Rheinhessen		$73.99
Thorle Probstey	Silvaner "GG"	2023	Germany	Rheinhessen		$47.99
Thorle Saulheimer	Spatburgunder Kalkstein	2022	Germany	Rheinhessen		$37.99
Thörle Saulheimer	Kalkstein Spätburgunder	2023	Germany	Rheinhessen		$38.99
Thorle Schlossberg	Riesling "GG"	2022	Germany	Rheinhessen		$47.99
Tomaso Gianolo	Barolo	2020	Italy	Italy		$32.99
Tomaso Gianolo	Barbaresco	2019	Italy	Italy		$30.99
Tomaso Gianolo	Barolo	2020	Italy	Piedmont		$32.99
Tomaso Gianolo	Barbaresco	2019	Italy	Piedmont		$30.99
Vietti	Barolo Cerequio	2019	Italy	Italy		$297.00
Vietti	Barolo Cerequio	2019	Italy	Piedmont		$297.00
Vieux Chateau St. Andree	Vieux Chateau St. Andre	2020	France	Bordeaux		$33.99
Vieux Chateau St. Andree	Vieux Chateau St. Andre	2020	France	Bordeaux		$34.99
Vieux Chateau St. Andree	Vieux Chateau St. Andre	2020	France	Bordeaux		$29.99
Vieux Chateau St. Andree	Vieux Chateau St. Andre	2021	France	Bordeaux		$29.99
Vieux Chateau St. Andree	Vieux Chateau St. Andre	2021	France	Bordeaux		$34.99
Vieux Chateau St. Andree	Vieux Chateau St. Andre	2022	France	Bordeaux		$29.99
Vigneti Costacurta	Colline Novarese Rosso Tintuanita	2021	Italy	Italy		$20.99
Vigneti Valle	Roncati Ghemme "Leblanque"	2016	Italy	Piedmont		$45.99
Vigneti Valle	Roncati Spanna "Runca"	2018	Italy	Piedmont		$29.99
Vigneti Valle Roncati	Sizzano Riserva Roano	2015	Italy	Italy		$31.99
Vigneti Valle Roncati	Fara Riserva Ciada	2013	Italy	Italy		$29.99
Vigneti Valle Roncati	Sizzano Riserva Roano	2015	Italy	Piedmont		$31.99
Vigneti Valle Roncati	Fara Riserva Ciada	2013	Italy	Piedmont		$29.99
Vincent Ledy	Haute Cotes de Nuits La Vacherotte	2021	France	Burgundy		$39.99
Vincent Ledy	Nuits St. Georges 1er Cru Les Porrets St. Georges Jeunes Vignes	2021	France	Burgundy		$77.99
Vincent Ledy	Haute Cotes de Nuits La Vacherotte	2022	France	Burgundy		$38.99
Vincent Ledy	Bourgogne Hautes Cotes de Nuits "La Vacherotte"	2022	France	Burgundy		$41.99
Vincent Ledy	Vincent Ledy Bourgogne Hautes Côtes de Nuits "La Vacherotte"	2022	France	Burgundy		$41.99
Vincent Paris	Cornas Granit 60	2021	France	Rhône	Cornas	$45.99
Vinding Montecarrubo	Quattro Venti	2021	Italy	Italy		$49.99
Vinding Montecarrubo	Cuvee Suzanne	2020	Italy	Italy		$44.99
Vinding Montecarrubo	Cuvee Suzanne	2021	Italy	Italy		$44.99
Vinding Montecarrubo	Cuvee Suzanne	2020	Italy	Sicily		$44.99
Vinding Montecarrubo	Cuvee Suzanne	2021	Italy	Sicily		$44.99
Vini Chiussima	Carema	2022	Italy	Piedmont		$59.99
Vini Chiussima	Carema	2022	Italy	Piedmont		$56.99
Vini Chiussima	Pajarin Erbaluce	2023	Italy	Piedmont		$28.99
Vini Chiussima	Erbaluce Pajarin	2023	Italy	Piedmont		$25.99
Vini Chiussima	Erbaluce Pajarin	2022	Italy	Piedmont		$24.99
Vini Marino	Fiano Vendemmia Tardiva	2024	Italy	Campania		$30.99
Vini Marino	Proclamo Cilento Aglianico Riserva (5312)	2008	Italy	Italy		$80.99
Vini Marino Proclamo Cilento	Aglianico Riserva	2016	Italy	Campania		$51.99
Vini Marino Proclamo Cilento	Aglianico Riserva	2016	Italy	Campania		$48.99
Vini Marino Proclamo Cilento	Fiano Vendemia Tardiva	2024	Italy	Campania		$33.99
Vini Marino Proclamo Cilento	Fiano Vendemia Tardiva	2024	Italy	Campania		$31.99
Wegeler	Bernkasteler Doctor Grosses Gewachs	2021	Germany	Rheingau		$84.99
Wegelin Weine AG	Bothmarhalde Blauburgunder (Pinot Noir)	2022	Switzerland	Eastern Switzerland	Graubünden	$51.99
Wegelin Weisstorkel	Blauburgunder	2022	Switzerland	Eastern Switzerland	Graubünden	$55.99
Weggelin	Weisstorkel Blauburgunder BIO	2022	Switzerland	Eastern Switzerland	Graubünden	$51.99
Weingut Achim Durr	Tom Pinot Noir	2022	Germany	Baden		$41.99
Weingut Achim Durr	Pinot Noir Hard 200	2020	Germany	Baden		$38.99
Weingut Achim Durr	Cabernet Franc	2021	Germany	Baden		$37.99
Weingut Achim Durr	Pinot Noir Hard 200	2020	Germany	Baden		$36.99
Weingut Achim Durr	Syrah	2021	Germany	Baden		$36.99
Weingut Achim Durr	Blaufrankish Vom Keuper	2020	Germany	Germany		$37.99
Weingut Achim Durr	Cabernet Franc	2021	Germany	Germany		$37.99
Weingut Achim Durr	Pinot Noir Hard 200	2020	Germany	Germany		$36.99
Weingut Dönnhoff	Dönnhoff Niederhäuser Hermannshöhle Spätlese	2023	Germany	Nahe		$51.99
Weingut Familie Hansruedi Adank	Extra Brut Blanc de Noir	NV	France	Champagne		$74.99
Weingut Familie Hansruedi Adank	Spondis Pinot Noir	2021	Switzerland	Graubunden		$87.99
Weingut Familie Hansruedi Adank	Spondis Pinot Noir	2022	Switzerland	Graubunden		$110.00
Weingut Familie Hansruedi Adank	Pinot Noir Flascher Alte Reben	2023	Switzerland	Graubunden		$57.99
Weingut Familie Hansruedi Adank	Pinot Noir Graubunden	2023	Switzerland	Graubunden		$41.99
Weingut Familie Hansruedi Adank	Pinot Blanc Graubunden	2023	Switzerland	Graubunden		$49.99
Weingut Familie Hansruedi Adank	Riesling-Sylvaner Graubunden	2023	Switzerland	Graubunden		$37.99
Weingut Familie Hansruedi Adank	Chardonnay Graubunden	2023	Switzerland	Graubunden		$84.99
Weingut Familie Hansruedi Adank	Chardonnay Am Berg	2023	Switzerland	Graubunden		$155.00
Weingut Familie Hansruedi Adank	Spondis Pinot Noir	2021	Switzerland	Switzerland		$87.99
Weingut Familie Hansruedi Adank	Pinot Noir Herranacker	2023	Switzerland	Switzerland		$155.00
Weingut Familie Hansruedi Adank	Pinot Noir Graubunden	2023	Switzerland	Switzerland		$41.99
Weingut Familie Hansruedi Adank	Pinot Noir Flascher Alte Reben	2023	Switzerland	Switzerland		$57.99
Weingut Josef Walter	Pinot 274	2020	Germany	Franken		$99.99
Weingut Josef Walter	Spatburgunder J Hundstruck	2020	Germany	Franken		$65.99
Weingut Josef Walter	Spatburgunder J Centgrafenberg	2008	Germany	Franken		$44.99
Weingut Riehen	Le Grand Chardonnay	2015	Switzerland	Basel-Land		$85.99
Weingut Riehen	Le Cidre - Riechner Epfel Basel-Stadt Late Disgorged	2018	Switzerland	Basel-Land		$50.99
Weingut Riehen	Le Cidre - Riechner Epfel Basel-Stadt Late Disgorged	2018	Switzerland	Basel-Land		$48.99
Weingut Riehen	Le Cidre - Riechner Epfel Basel-Stadt	2018	Switzerland	Basel-Land		$38.99
Weingut Riehen	LE PETIT Blanc	2021	Switzerland	Basel-Land		$41.99
Weingut Riehen	Le Grand Pinot Noir	2021	Switzerland	Basel-Land		$93.99
Weingut Riehen	Le Petit Rouge	2021	Switzerland	Basel-Land		$39.99
Weingut Weltner	Kuchenmeister Hoheleite GG Riesling	2020	Germany	Franken		$57.99
Weingut Weltner	Kuchenmeister Hoheleite GG Sylvaner	2023	Germany	Franken		$53.99
Weingut Weltner	Kuchenmeister Hoheleite GG Riesling	2023	Germany	Franken		$52.99
Weingut Weltner	Kuchenmeister Hoheleite GG Riesling	2022	Germany	Franken		$49.99
Weingut Weltner	Kuchenmeister Hoheleite GG Sylvaner	2022	Germany	Franken		$49.99
Weingut Weltner	Rodelsee Kuchenmeister Riesling	2013	Germany	Franken		$36.99
Weingut Weltner	Virgo Gaia Scheu Aber Wild	2020	Germany	Franken		$35.99
Weingut Weltner	Rodelsee Schweinleite Schuerebe Trocken	2023	Germany	Franken		$32.99
Weingut Weltner	Rodelsee Kuchenmeister Sylvaner Trocken	2023	Germany	Franken		$31.99
Weingut Weltner	Rodelsee Schwainlate Sylvaner Alte Reben	2023	Germany	Franken		$31.99
Weingut Weltner	Chardonnay Rodelsee Trocken	2023	Germany	Franken		$26.99
Wilhelm Weber-Osterman	Brauneberger Juffer Auslese	1989	Germany	Mosel		$41.99
Wilhelm Weber-Osterman	Brauneberger Juffer Auslese	1993	Germany	Mosel		$41.99
Wilhelm Weber-Osterman	Brauneberger Juffer Auslese	1993	Germany	Mosel		$35.99
Wilhelm Weber-Osterman	Brauneberger Juffer Auslese	1993	Germany	Mosel		$32.99
Wilhelm Weber-Osterman	Wintricher Grosser Hergott Spatlese	1992	Germany	Mosel		$29.99
Wilhelm Weber-Osterman	Wintricher Grosser Hergott Spatlese	1992	Germany	Mosel		$28.99
Yvon Metras	Beaujolais Villages	2022	France	Beaujolais		$46.99
Yvon Metras	Beaujolais Villages	2023	France	Beaujolais		$48.99
Yvon Métras	Yvon Métras Beaujolais Villages	2023	France	Beaujolais		$48.99
Ziereisen	Jaspis Spatburgunder Alte Reben 10-4	2021	Germany	Baden		$182.00
Ziereisen	Gutedel Alte Reben 10-4 Jaspis	2022	Germany	Baden		$110.00
Ziereisen	Jaspis Chardonnay Nagelin	2022	Germany	Baden		$69.99
Ziereisen	Jaspis GrauBurgunder Wurmlin Alte Reben	2020	Germany	Baden		$63.99
Ziereisen	Jaspis Syrah Daublin	2022	Germany	Baden		$61.99
Ziereisen	Jaspis GrauBurgunder Wurmlin Alte Reben	2022	Germany	Baden		$59.99
Ziereisen	Grauburgunder "Würmlin - Jaspis"	2022	Germany	Baden		$55.99
Ziereisen	Jaspis Zipsin Pinot Noir	2022	Germany	Baden		$45.99
Ziereisen	Spätburgunder "Rhini"	2022	Germany	Baden		$42.99
Ziereisen	Rhini Blauer Spatburgunder	2022	Germany	Baden		$39.99
Ziereisen	Gestad Syrah	2022	Germany	Baden		$35.99
Ziereisen	Spatburgunder Schulen	2022	Germany	Baden		$31.99
Ziereisen	Talrain Blauer Spätburgunder	2022	Germany	Baden		$29.99
Ziereisen	Jaspis Spatburgunder 10-4	2018	Germany	Germany		$160.00
